e,f,g,h,I,j,k,l,m,n,o,p,q,r,s,t,u,classes
1.261,0,1.695,0,0,0,0,1,3.627,2,0.966,0,41.7,2.8711,8.015,0,2.222,0
0.929,0,0.964,0,0,1,0,1,3.454,0,1.047,-0.065,33.3,2.7716,7.487,0,2.136,1
1.187,0,1.659,0,0,4,1,1,3.813,1,1.037,0,42.9,3.3706,8.405,0,2.194,0
0.802,0,0.975,0,0,0,0,1,3.573,0,0.982,0,42.9,3.1554,7.817,0,2.101,0
1.261,0,1.695,0,0,0,0,1,3.245,0,0.974,0,28.6,2.2806,7.476,0,2.222,0
0,0,0.95,0,0,0,0,3,3.466,0,0.967,0,42.9,2.1315,7.805,0,2.323,0
0.811,0,1,0,0,0,0,0,3.261,0,0.998,0.167,30,2.9193,7.097,0,1.732,1
0.76,0,1.366,0,0,0,0,1,6.918,0,0.999,0,33.3,2.6622,13.359,0,2.247,0
0.881,0,1.06,0,0,0,2,1,3.709,3,0.986,0,36.8,3.2576,8.111,0,2.246,0
2.231,0,3.015,0,0,2,0,0,3.178,0,0.973,0,32.3,3.5147,7.58,0,2.074,0
1,0,1.707,0,0,0,0,0,6.901,0,1.014,0,25,2.1303,12.252,0,1.618,0
0.899,1,5.027,0,0,18,4,6,4.18,12,1.062,-5.135,53.3,2.0188,10.094,0,2.522,0
0.881,0,1.06,0,0,0,1,1,3.704,3,0.976,0,40,3.2147,8.099,0,2.246,0
1.124,1,1.45,0,0,4,3,1,4.147,4,1.085,-1.188,46.7,3.6483,9.259,0,2.368,0
0.548,0,5.633,0,0,0,0,2,4.476,0,0.99,2.068,30,1.7397,9.806,0,2.242,0
0.971,0,1.542,0,0,0,0,0,3.452,0,0.987,0.56,40,3.3821,7.564,0,1.848,1
1.23,0,1.873,0,0,8,3,1,3.938,3,1.083,0,33.3,3.7647,8.92,0,2.338,0
0.569,0,2.096,0,0,3,0,2,3.547,0,0.977,1.982,38.7,2.0546,8.148,0,2.327,0
1.258,0,2.011,0,0,4,1,1,3.733,2,1.008,-0.89,39.1,3.2197,8.409,0,2.288,0
1.409,0,2.036,0,0,0,1,1,3.562,1,0.976,0,40,2.7655,7.899,0,2.149,0
1.187,0,1.659,0,0,0,0,1,6.881,1,0.985,0.933,50,3.0207,11.597,0,2.194,0
2.396,0,2.891,1,0,18,0,0,3.527,0,1.02,-1.839,36.6,5.554,8.803,0,2.315,0
1.187,0,1.487,0,0,0,1,1,3.634,2,0.976,0,40,3.0494,8.001,0,2.2,0
1.185,0,1.74,0,0,4,0,1,3.704,2,1.011,-0.875,44.4,3.0868,8.277,0,2.236,1
0,0,3.091,0,0,0,0,3,3.788,4,0.975,0,56.3,1.9515,8.882,0,2.348,0
0.985,0,1.511,0,0,9,1,3,4.706,2,1.02,0,36.4,2.6699,9.538,0,2.402,0
3.554,0,9.36,0,0,4,0,0,3.366,0,0.973,-0.013,33.3,3.2243,8.397,0,2.051,1
1.906,0,2.999,0,0,2,0,0,3.444,0,1.012,-0.914,37.5,3.6203,7.828,0,1.95,1
1.975,0,3.488,2,0,16,0,0,3.56,0,1.004,-0.443,29.4,4.5704,8.234,0,2.288,0
1.837,0,2.57,0,0,0,0,0,3.177,0,0.966,0,28.6,3.4355,7.316,0,2.074,0
2.972,0,7.668,0,0,12,0,1,3.794,2,0.984,-0.892,36.1,2.4853,8.984,0,2.351,1
0.673,1,2.106,0,0,0,2,2,4.009,4,1.003,0,54.5,2.6588,9.13,0,2.363,0
1.23,0,2.215,1,0,4,0,1,3.743,2,0.994,-0.875,40.7,3.0581,8.485,0,2.334,0
1.906,0,2.524,0,0,0,0,0,3.13,0,1.003,0,23.8,3.2686,7.228,0,2,0
1.695,0,2.815,0,0,2,0,1,3.585,1,1.008,-0.959,39.1,2.6454,8.319,0,2.212,1
3.706,0,9.639,0,0,9,0,1,3.497,0,0.993,-0.338,31.4,1.9472,8.68,0,2.361,1
1.707,0,4.711,1,0,6,6,2,6.912,8,1.017,0,41.2,2.4918,13.654,0,2.484,0
0.73,0,1.407,0,0,11,3,6,6.88,7,1.031,-0.735,51.9,2.4805,11.646,0,2.551,0
1.16,1,1.553,0,0,6,3,1,3.972,3,1.078,0,40,3.6579,8.899,0,2.305,0
1.371,0,1.985,1,0,8,0,0,3.426,0,0.986,0,28.6,4.1685,7.704,0,2.288,0
0.703,0,2.693,0,0,0,0,2,3.76,4,0.969,0,47.1,2.4109,8.68,0,2.366,0
1.028,0,1.723,0,0,4,1,3,3.966,3,1.05,0,41.2,2.9714,8.841,1,2.375,0
1.197,1,1.254,0,0,0,4,1,4.254,6,1.099,0,57.1,3.9658,9.543,0,2.438,0
0.971,0,1.542,0,0,1,0,0,3.337,0,1.028,-0.245,27.3,3.4453,7.294,0,1.848,1
1.289,0,1.71,0,0,8,2,6,3.991,6,0.993,-0.202,43.5,2.3533,9.158,0,2.553,0
1.859,0,3.341,1,0,2,0,0,3.401,0,0.975,1.296,34.5,3.753,7.963,0,2.175,1
2.252,0,3.737,0,0,6,0,0,3.534,0,1.025,-1.073,33.3,4.1984,8.196,0,2.085,1
1.392,0,1.164,1,0,6,0,0,6.874,0,1.022,0,26.3,4.066,12.258,0,2.236,0
1.392,0,1.164,1,0,9,0,0,3.32,0,1.007,0,26.1,4.0516,7.453,0,2.236,0
1.187,1,1.358,0,0,2,1,1,3.911,2,1.022,0,50,3.2512,8.565,0,2.222,0
1.705,0,2.905,0,0,1,0,1,3.611,1,0.988,0.078,47.6,2.7404,8.295,0,2.166,0
0.732,0,2.731,0,0,12,4,2,4.737,4,1.03,0,44.4,2.6317,9.671,0,2.42,0
0.861,0,1.037,1,0,2,0,1,3.497,0,0.977,0.448,34.6,2.6157,7.914,0,2.327,0
1.406,0,1.309,1,0,9,0,0,3.306,0,1.014,0,25,3.8422,7.385,0,2.189,0
0.548,0,1.599,0,0,8,0,10,4.029,6,1.002,-0.132,60,2.1526,9.184,0,2.548,0
0.638,0,3.126,0,0,15,5,7,6.879,9,1.025,-0.848,52.6,1.9985,11.671,0,2.558,0
0,0,1.145,0,0,0,0,3,3.502,0,0.977,1.397,33.3,2.2234,7.886,0,2.291,0
1.895,0,2.02,0,0,0,0,0,3.257,0,0.971,0,36,3.8606,7.746,0,2.074,0
0.985,0,1.762,0,0,2,0,3,3.899,2,1.02,-0.995,50,2.8471,8.702,0,2.359,1
1.024,0,1.865,0,0,9,3,3,4.738,5,1.041,0,40,2.9948,9.706,0,2.442,0
1.735,0,1.69,0,0,12,0,0,5.127,0,0.979,0,26.7,3.7046,9.921,0,2.358,1
1.185,0,1.74,0,0,0,0,1,3.454,0,0.964,2.904,38.5,2.4954,7.92,0,2.236,1
0,0,1.659,0,0,2,0,2,3.639,1,0.992,0,47.1,2.3414,8.158,0,2.348,1
1.379,0,2.133,0,0,1,0,0,3.325,0,0.98,0.287,31.6,3.1682,7.473,0,2,1
1.299,0,2.097,1,0,2,0,0,3.422,0,0.998,0.025,30,3.6783,7.748,0,2.149,1
1.006,0,3.688,2,0,8,2,2,3.872,8,0.979,0,40.4,2.605,9.14,0,2.459,0
0.832,0,1.055,2,0,2,0,1,3.509,0,0.979,0,30,2.8292,7.93,0,2.394,0
0.875,1,0.854,0,0,2,2,1,3.907,2,1.023,0,46.2,3.3162,8.476,0,2.194,0
0.477,0,5.207,0,0,6,2,4,3.729,4,1.003,-0.069,42.2,1.403,9.22,0,2.356,0
2.125,0,3.3,0,0,6,0,1,3.538,0,0.992,0.171,34.2,2.4843,8.342,0,2.36,1
1.273,0,1.951,0,0,4,1,1,3.708,2,1.015,-0.896,40,3.0562,8.322,0,2.251,0
1.23,0,1.873,0,0,8,2,1,3.936,3,1.067,0,36.8,3.7359,8.914,0,2.338,0
1.379,1,1.496,1,0,0,0,0,4.099,0,1.075,0,27.3,3.7343,9.051,0,2.136,0
0,0,1.047,0,0,0,0,3,3.842,2,0.985,0,52.9,2.9856,8.4,0,2.303,0
1.522,0,2.094,0,0,0,0,0,2.872,0,0.997,0,21.4,2.445,6.534,0,1.732,1
1.124,0,1.718,1,0,3,1,1,3.765,3,0.978,0,39.3,3.236,8.354,0,2.364,0
1.185,0,1.563,0,0,4,1,1,3.854,2,1.024,0,41.2,3.5053,8.499,0,2.267,0
0.971,0,1.542,0,0,0,0,0,2.983,0,0.97,0,25,2.607,6.635,0,1.848,1
0.881,1,0.95,0,0,2,3,1,4.068,3,1.048,0,46.2,3.4778,8.872,0,2.264,0
2.55,0,4.489,0,0,1,0,0,3.056,0,0.998,0,27.6,3.1183,7.456,0,1.932,1
0.875,0,1.069,0,0,2,2,1,6.88,2,1.016,0,46.2,3.2243,11.593,0,2.175,0
1.459,0,2.052,0,0,0,0,0,3.09,0,0.961,0,33.3,2.8141,7.038,0,1.902,0
1.77,0,3.939,8,1,1,0,0,3.957,0,1.235,0,30.3,7.1546,9.319,0,2.66,0
0.799,1,0.873,0,0,0,6,1,4.337,6,1.133,0,50,3.9153,9.676,0,2.414,0
1.585,0,2.488,0,0,0,0,0,2.89,0,0.979,0,22.2,2.4945,6.675,0,1.802,1
2.388,0,3.036,0,0,6,0,0,4.075,0,0.993,2.593,27.7,5.6107,9.047,0,2.284,0
3.022,0,8.486,0,0,10,0,0,3.451,0,1,-0.307,31,3.995,8.618,0,2.161,1
3.574,0,10.108,0,0,2,0,0,3.329,0,0.972,-0.653,33.3,2.9879,8.414,0,1.996,1
0.673,0,2.38,0,0,0,2,2,6.881,4,0.994,0,54.5,2.4237,12.284,0,2.316,0
1.185,0,1.563,0,0,4,2,1,3.857,2,1.039,0,37.5,3.5484,8.508,0,2.267,0
0.953,1,2.321,2,1,4,2,2,4.28,4,1.039,0,48.3,2.7059,9.741,0,2.52,0
0.732,1,3.001,0,0,6,4,2,3.939,6,1.022,0,48.1,2.4328,9.249,0,2.349,0
0.648,0,2.863,0,0,6,2,2,3.733,4,0.998,0,48.1,2.3426,8.658,0,2.314,0
1.837,0,3.193,0,0,0,0,0,3.139,0,0.998,0,25,3.1827,7.43,0,2,1
0.73,0,1.128,0,0,0,2,3,3.918,4,0.988,0,45.5,2.9965,8.577,0,2.39,0
1.544,0,3.516,7,1,2,0,0,3.954,0,1.285,-4.279,30.8,7.1279,9.274,0,2.648,0
1.459,0,1.745,0,0,2,0,0,3.346,0,1.013,-0.157,21.4,3.4665,7.353,0,1.932,0
1.975,0,3.449,0,0,2,0,0,3.112,0,0.989,0,28,3.0785,7.316,0,1.962,1
1.185,1,1.74,0,0,0,1,1,3.881,2,0.986,1.066,47.4,3.0499,8.62,0,2.236,0
4.297,0,15.507,0,0,4,0,0,3.374,0,0.971,0.253,32.2,3.3381,8.904,0,2.086,0
2.929,1,6.971,0,0,5,6,1,4.295,6,1.013,-0.416,37.5,2.4916,9.725,0,2.438,0
0.985,0,1.554,0,0,0,0,3,3.696,2,0.966,0,41.9,2.3662,8.28,0,2.387,0
1.16,1,1.553,0,0,4,3,1,3.969,3,1.059,0,37.5,3.6277,8.892,0,2.305,0
0.862,0,0.956,0,0,0,0,1,3.86,0,1.004,0.787,25,2.6572,8.216,0,2.115,0
1.436,0,2.176,1,0,2,0,0,3.434,0,0.993,0.168,30.4,3.9762,7.817,0,2.194,0
0,0,1.244,0,0,0,0,1,3.009,0,0.961,0,33.3,2,7.439,0,2,0
1.654,0,1.916,0,0,0,0,1,3.396,0,1.007,0,25,2.731,8.023,0,2.303,1
1.81,0,3.151,2,0,8,0,6,3.855,0,0.98,0.232,36.7,1.9708,8.917,0,2.678,0
1.459,0,2.052,0,0,1,0,0,3.38,0,1.025,-0.329,33.3,3.7074,7.543,0,1.902,1
0.845,0,0.811,2,0,4,0,3,3.693,0,0.975,0,34.5,2.4328,8.05,0,2.62,1
0.918,0,1.521,0,0,0,0,0,3.976,0,1.134,-1.21,25,3.7287,8.593,0,2,1
0.799,0,1.197,0,0,8,0,3,3.686,0,1.012,-0.589,37.5,2.2586,8.289,0,2.441,0
0.971,0,1.542,0,0,1,0,0,3.379,0,1.02,-0.481,30,3.4143,7.404,0,1.848,1
1.254,0,1.609,0,0,12,1,1,3.94,3,1.092,-3.157,40,3.8748,8.937,0,2.404,0
0.875,0,2.298,0,0,0,2,2,3.746,2,0.99,0.011,44.8,2.6361,8.719,1,2.358,0
0,0,2.901,0,0,0,2,4,3.886,4,0.98,0,53.3,2.1704,8.877,1,2.385,0
0.584,0,4.401,0,0,10,0,2,3.715,2,1.026,-1.417,50,2.2467,8.88,0,2.265,1
0.875,0,1.14,0,0,2,2,1,3.639,2,1.005,0,40,3.17,7.986,0,2.17,0
1.5,0,2.34,0,0,4,0,0,3.458,0,1.032,-0.644,31.3,3.72,7.864,0,2.042,1
1.831,0,3.288,0,0,3,1,1,3.726,3,0.998,-0.383,40,2.8874,8.63,0,2.297,0
1.409,0,2.036,0,0,0,0,1,3.578,1,0.985,0,50,2.7667,8.128,0,2.149,1
1.758,0,2.705,0,0,2,0,1,3.652,2,0.981,0,42.3,2.596,8.227,0,2.224,0
0.773,0,1.14,0,0,8,0,6,3.799,0,1.017,0.666,43.5,2.1504,8.551,0,2.597,0
0.802,0,0.975,0,0,2,1,1,3.566,1,0.998,0,46.2,3.135,7.811,0,2.101,1
1.837,0,2.732,0,0,6,0,0,3.529,0,1.004,0.048,36.8,3.9848,7.958,0,2.084,1
3.128,0,7.244,0,0,1,0,0,3.309,0,0.972,-0.155,31.4,2.9329,8.07,0,1.991,0
0.664,0,1.057,0,0,5,0,3,3.783,2,1.019,-0.199,50,2.7291,8.33,0,2.376,1
1.604,1,2.211,0,0,0,0,1,3.949,0,1.015,0,28,3.2436,8.723,0,2.283,0
2.522,0,4.746,0,0,1,0,0,3.351,0,1.014,-0.275,28.6,3.4286,7.904,0,1.98,1
0.881,1,1.06,0,0,0,2,1,4.005,3,1.012,0,46.7,3.3045,8.857,0,2.246,0
1.911,0,3.45,0,0,7,0,1,3.6,1,0.998,0.083,44,2.6951,8.445,0,2.189,1
3.974,0,8.475,0,0,1,0,1,3.322,0,0.967,0,32.8,1.599,8.211,0,2.236,1
2.088,1,2.507,0,0,9,0,0,4.429,0,1.056,0,25.7,5.8726,9.905,0,2.34,0
1.455,0,1.945,0,0,2,0,1,3.904,0,1.007,1.18,33.3,2.808,8.644,0,2.262,0
0.257,1,1.535,0,0,0,1,147,5.808,9,1.007,0,56.1,1.6914,11.055,2,2.622,0
0.917,1,2.907,1,0,3,3,4,4.065,7,1.001,0,42.5,2.419,9.38,1,2.489,0
2.281,0,3.685,0,0,0,0,0,3.271,0,0.998,0,33.3,2.9588,7.905,0,1.902,0
1.876,0,3.249,0,0,3,1,1,3.681,2,1.002,-0.386,40.7,2.8214,8.55,0,2.263,0
0.393,0,2.694,0,0,15,3,3,4.44,3,1.009,0,47.4,2.1747,9.576,0,2.37,1
2.585,0,4.891,0,0,0,0,0,6.867,0,0.974,0,31.3,2.7496,12.258,0,1.942,0
0.749,1,1.117,3,0,3,0,15,4.405,0,1.054,0.642,44.4,1.8789,9.843,0,2.859,0
1.187,0,1.544,0,0,2,2,1,3.643,2,0.998,0,38.9,3.1199,8.042,0,2.194,1
1.585,0,2.488,0,0,1,0,0,2.938,0,1.019,0,20,2.6724,6.799,0,1.802,1
3.792,0,10.955,0,0,1,0,0,3.01,0,0.965,0,32.1,2.958,8.228,0,1.987,1
0.732,1,3.219,0,0,0,4,2,3.954,6,1.005,0,44.8,2.291,9.239,0,2.329,0
1.258,0,1.768,0,0,4,2,1,3.88,3,1.05,0,41.2,3.5441,8.746,0,2.309,0
0.971,1,1.542,0,0,0,0,0,3.755,0,1.017,0,27.3,2.7612,8.35,0,1.848,0
1.522,0,2.094,0,0,0,0,0,2.811,0,0.97,0,25,2.2408,6.385,0,1.732,1
1.203,0,1.496,0,0,1,0,1,3.238,0,1.004,0,29.4,2.3717,7.243,0,2.152,1
1.315,0,4.369,0,0,12,4,2,4.714,4,1.044,0,32.4,2.4228,10.183,0,2.374,0
0.777,0,3.924,0,0,10,5,3,4.711,5,1.024,0,43.9,2.1252,9.916,1,2.428,0
2.246,0,3.316,0,0,2,0,0,10.355,0,0.968,0,28.6,2.8894,14.025,0,2.029,0
2.297,0,4.371,0,0,7,2,1,3.681,2,1.029,-0.929,34.4,2.7944,8.613,0,2.268,0
1.084,0,1.65,1,0,4,1,1,3.818,4,0.977,0,38.7,3.4164,8.453,0,2.403,0
0,0,3.499,0,0,0,0,2,4.125,0,1.007,0,26.7,1.8586,8.885,0,2.211,0
0.971,0,1.542,0,0,0,0,0,4.016,0,1.002,0.532,20,3.1822,8.452,0,1.848,0
2.396,0,2.891,1,0,21,0,0,3.529,0,1.032,-2.172,35.9,5.581,8.813,0,2.315,0
1.125,0,1.481,0,0,2,0,1,3.556,1,0.991,0,43.8,2.9058,7.845,0,2.136,1
3.322,0,8.122,0,0,0,0,0,2.994,0,0.961,0,32.3,2.8897,7.896,0,1.978,1
1.23,0,1.856,0,0,4,1,1,3.765,3,0.977,0,38.7,3.2259,8.348,0,2.358,0
1.5,0,2.34,0,0,2,0,0,3.389,0,0.998,-0.195,30,3.7418,7.628,0,2.042,1
2.322,0,4.086,0,0,0,0,0,3.24,0,0.969,0,33.3,2.7284,7.617,0,1.919,1
1.25,0,1.996,1,0,2,2,3,3.826,3,0.982,1.306,40,2.5675,8.634,0,2.447,0
0.861,1,1.047,0,0,0,4,1,4.174,4,1.079,0,50,3.5218,9.328,0,2.303,0
1.5,0,2.682,0,0,4,0,0,3.519,0,1.09,-2.514,33.3,3.9399,8.016,0,2,1
0.918,0,1.333,0,0,0,0,0,3.046,0,1.108,0,20,2.7098,6.69,0,1.414,1
0.881,0,1.06,0,0,0,0,1,4.094,0,0.994,1.008,26.3,2.7734,8.76,0,2.246,0
1.571,0,2.74,2,0,2,1,1,3.704,2,0.974,0,37.8,2.9274,8.48,0,2.378,0
0.862,0,0.956,0,0,2,0,1,3.464,0,1.075,-0.546,30,2.9763,7.565,0,2.115,1
0,0,3.735,0,0,0,0,4,4.341,2,0.986,0,39.4,1.7802,9.301,0,2.384,0
2.383,0,3.022,0,0,6,0,0,10.428,0,0.961,0,29.6,5.4486,14.7,0,2.414,0
0.629,1,1.075,0,0,0,1,3,4.009,3,0.992,0,55.6,2.9595,8.805,0,2.351,0
0.918,0,1.333,0,0,0,0,0,3.201,0,0.998,0,33.3,2.5124,6.984,0,1.414,1
0.682,1,1.393,0,0,8,1,6,4.006,5,1.021,-0.26,58.3,2.3664,9.176,0,2.508,0
1.922,0,3.412,0,0,0,0,0,3.363,0,0.964,2.495,38.5,3.4629,7.909,0,2.031,1
0.75,1,2.478,0,0,0,4,2,3.989,6,1.01,0,46.2,2.5599,9.228,0,2.368,0
1.282,0,3.572,0,0,11,2,2,3.874,5,1.009,-1.681,42.9,2.5182,9.097,0,2.42,0
1.362,0,4.097,1,0,11,0,2,3.791,0,0.989,2.753,39.6,2.2204,9.014,0,2.616,0
0,0,0.667,0,0,0,0,1,3.482,0,0.988,0,45.5,3.1669,7.627,0,2,1
0.875,0,1.14,0,0,2,2,1,6.879,2,1.016,0,46.2,3.173,11.593,0,2.17,0
2.948,0,6.131,0,0,8,0,0,3.393,0,0.995,-0.328,31.8,3.5866,8.325,0,2.08,1
0,0,2.829,0,0,0,0,2,3.269,0,0.967,0,33.3,1.7703,7.764,0,2.236,1
2.182,0,2.989,0,0,6,0,1,3.542,0,1.02,0.094,35,2.409,8.185,0,2.256,1
1.792,0,3.06,2,0,0,0,0,3.648,0,0.998,0,33.3,4.9627,8.44,0,2.247,0
1.379,0,2.133,0,0,2,0,0,3.426,0,1.013,-0.125,33.3,3.4137,7.758,0,2,1
0.971,0,1.542,0,0,0,0,0,3.326,0,1.052,-0.968,20,3.1898,7.273,0,1.848,1
0,0,2.829,0,0,4,2,2,3.664,2,0.989,0,52.2,2.4203,8.488,0,2.236,0
1.194,0,1.828,2,0,4,1,1,3.852,4,0.972,0,37.2,3.563,8.65,0,2.463,0
0.971,0,1.542,0,0,1,0,0,3.022,0,0.983,0,26.7,2.6683,6.702,0,1.848,1
2.585,0,4.891,0,0,0,0,0,3.244,0,0.965,0,40,3.2848,7.937,0,1.942,0
0.861,1,0.962,0,0,2,4,1,4.106,4,1.073,0,46.2,3.567,9.154,0,2.307,1
0.875,1,1.069,0,0,0,2,1,3.876,2,1.005,0,42.9,3.2067,8.463,0,2.175,0
0.629,0,1.207,0,0,2,1,3,3.86,3,0.993,0,52.6,2.8789,8.487,0,2.333,1
1.185,0,1.393,0,0,2,2,1,3.911,3,0.991,0,40,3.1806,8.592,0,2.267,0
0.875,1,1.069,0,0,0,0,1,3.992,0,1.047,0,45.5,3.4161,8.812,0,2.175,0
0.752,1,1.076,3,0,0,0,6,4.407,0,1.074,0.394,41.7,2.3808,9.952,0,2.805,0
1.906,0,2.524,0,0,2,0,0,3.076,0,0.993,0,27.3,3.0285,7.149,0,2,1
1.5,0,2.682,0,0,0,0,0,3.563,0,1.088,-2.076,16.7,4.368,8.058,0,2,0
1.139,0,1.808,0,0,0,1,3,3.875,3,0.977,0,46.2,2.7083,8.536,0,2.369,0
1.187,0,1.358,0,0,0,1,1,3.65,2,0.976,0,40,3.1257,8.005,0,2.222,0
0.802,0,0.975,0,0,0,0,1,3.549,1,0.969,0,46.7,3.0215,7.773,0,2.101,1
0.863,0,1.435,1,1,0,0,0,3.997,0,1.23,0,25,4.2718,8.663,0,2.175,0
0.49,0,4.39,0,0,14,0,3,3.8,2,0.996,-0.809,40,1.8308,8.91,0,2.373,1
1.661,0,2.593,0,0,1,0,1,3.587,1,0.987,0,45,2.7124,8.061,0,2.154,1
0.799,0,0.873,0,0,0,5,1,6.982,6,1.045,0,46.7,3.778,13.184,0,2.414,0
1.761,0,2.729,1,0,1,0,0,3.309,0,0.974,0,32.1,3.5878,7.751,0,2.175,0
1.621,0,7.425,5,1,10,4,2,3.867,6,1.033,-3.631,37.5,2.4858,9.671,0,2.508,0
1.162,0,1.726,3,0,0,0,1,3.814,3,0.964,0,37.5,3.493,8.693,0,2.449,0
1.273,1,1.634,0,0,4,3,1,3.932,3,1.02,0,40,3.3466,8.641,0,2.282,0
1.124,0,1.623,0,0,10,3,1,3.834,4,1.072,-1.291,38.9,3.5325,8.537,0,2.343,1
1.185,0,1.74,0,0,0,0,1,3.533,0,0.964,4.722,38.5,2.6687,7.981,0,2.236,1
3.554,0,9.701,0,0,1,0,0,3.309,0,0.97,-0.156,32.8,3.0679,8.382,0,1.995,1
0.971,0,1.542,0,0,0,0,0,3.427,0,1.124,-1.426,28.6,3.6206,7.521,0,1.848,1
0.811,0,1,0,0,0,0,0,6.874,0,0.979,0,27.3,2.4305,11.569,0,1.732,1
3.189,0,8.266,0,0,2,0,0,3.473,0,0.985,-0.919,30.6,3.5794,8.611,0,2.22,1
1.95,0,2.885,0,0,1,0,0,3.104,0,0.98,0,31.6,2.8425,7.119,0,1.848,1
0.875,1,0.854,0,0,0,1,1,3.899,2,0.991,0,46.7,3.2158,8.457,0,2.194,0
1.185,0,1.563,0,0,0,0,1,3.669,2,0.966,0,41.7,3.0313,8.087,0,2.267,0
0.432,1,1.839,0,0,0,3,3,4.433,3,0.976,0,51.4,1.9758,9.487,0,2.49,0
1.125,0,1.481,0,0,0,0,1,3.229,0,0.987,0,28.6,2.3906,7.32,0,2.136,0
3.337,0,7.693,0,0,9,0,1,3.497,0,1,-0.343,31,2.0833,8.579,0,2.361,1
2.47,0,3.798,0,0,8,0,0,4.432,0,1.004,0,25,3.9866,9.066,0,2.194,0
1.16,0,1.602,0,0,6,2,1,3.876,3,1.041,0,38.9,3.552,8.601,0,2.303,0
2.273,0,3.178,1,0,24,0,0,3.593,0,1.009,-0.95,36,5.7899,8.991,0,2.328,0
0.862,0,0.956,0,0,0,0,1,3.627,0,0.998,0,33.3,3.3382,7.794,1,2.115,0
1.273,0,1.86,0,0,6,2,1,3.839,2,1.041,0,38.9,3.4399,8.549,0,2.259,0
1.95,0,2.885,0,0,0,0,0,3.57,0,1.026,0,26.7,2.8705,8.378,0,1.848,0
1.895,0,2.02,0,0,0,0,0,3.171,0,1.011,0,24,3.6846,7.444,0,2.074,0
1.16,1,1.696,0,0,4,3,1,3.977,3,1.059,0,37.5,3.5219,8.892,0,2.292,0
0.664,0,1.057,0,0,2,1,3,4.009,2,1.018,0.014,46.7,2.7189,8.695,0,2.376,0
0.881,1,0.95,0,0,2,3,1,4.032,3,1.048,0,46.2,3.4781,8.872,0,2.264,0
1.092,0,4.681,1,0,15,0,4,3.848,0,1,1.53,38.8,1.781,9.13,0,2.613,0
2.187,0,4.143,0,0,0,0,0,3.15,0,0.983,0,25.8,3.3475,7.645,0,2,0
0.68,0,4.151,2,0,10,0,2,3.702,2,0.985,0,42.9,2.3997,8.847,0,2.381,0
0.811,0,1,0,0,0,0,0,4.118,0,1.148,0,20,2.8657,8.732,0,1.732,0
1.922,0,3.412,0,0,3,0,0,3.355,0,1.007,-0.233,29.2,3.5554,7.811,0,2.031,1
0.918,0,1.333,0,0,0,0,0,3.813,0,1.083,0,20,1.9808,8.225,0,1.414,0
4.044,0,12.745,0,0,8,0,0,3.645,0,0.979,-0.228,32.3,3.455,9.017,0,2.08,1
1.371,0,2.499,1,0,5,0,0,3.578,0,0.993,0.113,33.3,4.4958,8.085,0,2.205,0
0.732,0,2.731,1,0,4,2,2,3.785,4,0.992,0,45.5,2.4453,8.784,0,2.42,0
1.662,0,2.609,0,0,5,1,1,3.724,3,1.002,-0.44,38.5,3.1901,8.46,0,2.278,0
1.823,0,2.301,1,0,6,0,0,3.316,0,0.984,0,29,3.9327,7.569,0,2.255,0
0.662,0,4.008,0,0,0,2,2,3.742,4,0.985,0.401,42.9,2.3994,8.832,0,2.298,0
1.124,0,1.306,2,0,0,0,1,3.487,0,0.972,0,29.4,2.7306,7.935,0,2.412,0
0,0,4.164,0,0,0,0,6,4.462,4,1.006,0,50,1.7012,9.901,0,2.406,0
0.629,0,1.075,0,0,0,1,3,3.876,3,0.982,0,50,2.9434,8.48,0,2.351,0
1.187,1,1.358,0,0,0,1,1,3.925,2,1.015,0,53.8,3.2813,8.631,0,2.222,0
1.185,0,1.74,0,0,2,0,1,3.695,2,0.987,0.125,45,3.031,8.251,0,2.236,1
0,0,0.95,0,0,0,0,3,3.901,2,1.014,0,42.9,3.136,8.414,1,2.323,0
1.013,0,1.706,0,0,6,0,6,4.238,2,1.037,0.284,58.3,2.228,9.511,0,2.526,0
0.811,0,1,0,0,0,0,0,3.281,0,1.022,-0.333,22.2,3.078,7.135,0,1.732,1
0.625,0,3.405,0,0,9,2,2,3.736,3,1.015,-0.439,50,2.3785,8.765,0,2.286,1
2.184,0,1.951,0,0,3,0,0,10.323,0,0.973,-0.024,29.8,4.4437,14.008,0,2.318,0
0.5,0,3.928,0,0,7,0,2,3.681,2,0.998,-0.288,50,2.1244,8.7,0,2.247,1
0.648,1,2.451,0,0,0,2,2,4.592,2,0.989,0,48,2.1816,9.532,0,2.404,0
0.722,0,0.8,1,1,0,0,0,4.227,0,1.078,0,25,3.5426,8.859,0,2,0
0.737,0,3.664,0,0,11,0,2,3.58,0,1.003,-0.437,34.9,1.9952,8.709,0,2.383,0
3.554,0,9.701,0,0,1,0,0,3.309,0,0.969,-0.151,31.9,2.9709,8.305,0,1.995,0
1.455,0,2.15,0,0,2,1,1,3.655,1,0.993,0.052,40.9,3.0875,8.286,0,2.251,0
1.16,0,1.833,1,0,2,0,1,3.478,0,0.975,1.477,34.5,2.5728,7.975,0,2.311,1
1.124,0,1.482,0,0,10,0,1,3.742,0,1.042,-1.5,40,3.1703,8.487,0,2.358,1
0,0,5.538,0,0,0,2,6,3.731,4,0.998,0,41,1.1387,9.366,0,2.399,0
0.881,1,1.06,0,0,2,2,1,3.926,3,1.012,0,43.8,3.3179,8.562,0,2.246,0
1.392,0,1.164,1,0,0,0,0,6.89,0,1.013,0,29.4,4.0011,12.947,0,2.236,0
0.971,0,1.542,0,0,2,0,0,3,0,0.983,0,26.7,2.6629,6.683,0,1.848,1
0.881,0,0.95,0,0,0,0,1,3.69,3,0.967,0,42.9,3.1657,8.082,0,2.236,0
1.187,1,1.358,0,0,0,1,1,3.927,2,1.012,0,46.7,3.1253,8.78,0,2.222,0
0.875,0,1.14,0,0,0,2,1,6.886,2,1.009,0,50,3.1356,12.272,0,2.17,0
2.911,0,6.651,0,0,4,0,0,4.45,0,0.992,0,27.3,3.1338,9.153,0,2.121,1
1.459,1,1.745,0,0,0,0,0,3.772,0,1.015,0,33.3,3.16,8.437,0,1.932,0
0.918,0,1.521,0,0,0,0,0,4.265,0,1.177,-0.198,33.3,4.3417,9.146,0,2,0
2.074,0,3.255,0,0,2,0,0,3.856,0,1.014,-0.804,24.1,4.1851,8.938,0,2.175,0
0.629,0,1.207,0,0,0,1,3,3.921,3,0.98,0,52.6,2.843,8.704,0,2.333,0
2,0,3.284,0,0,0,0,0,2.918,0,0.975,0,25,2.5749,6.954,0,1.879,1
0.918,0,1.521,0,0,0,0,0,4.307,0,1.082,-0.713,10,4.1592,8.83,0,2,1
0.881,1,1.06,0,0,0,3,1,4.049,3,1.029,0,42.9,3.3506,8.863,0,2.246,0
0.664,0,1.146,0,0,0,2,3,3.945,2,1.003,0.682,43.8,2.6956,8.71,0,2.364,0
0.875,0,1.069,0,0,0,1,1,3.632,2,0.979,0,41.2,3.1276,7.954,0,2.175,0
3.711,0,9.474,0,0,6,0,1,3.637,0,0.98,-0.779,34.9,1.7824,8.645,0,2.31,0
0.956,0,3.349,0,0,15,3,3,4.441,6,0.989,0,41.5,2.0991,9.741,0,2.394,0
2.646,0,4.797,0,0,7,0,0,4.412,0,0.979,0,29.1,4.3575,9.174,0,2.264,0
0.781,0,2.451,0,0,2,2,2,3.728,2,1.003,0,48,2.595,8.668,0,2.327,0
0.918,0,1.521,0,0,4,0,0,3.511,0,1.025,-0.759,33.3,3.8122,7.676,0,2,1
1.5,0,2.472,0,0,3,0,0,4.692,0,1.041,0,17.6,3.8431,9.315,0,2.112,1
1.508,0,2.228,0,0,8,1,1,3.761,2,1.04,-1.648,42.9,3.3935,8.567,0,2.307,1
2.9,0,6.77,0,0,0,0,0,3.47,0,0.979,-0.947,30.8,3.3847,8.295,0,2.218,1
1.187,0,1.544,0,0,2,2,1,3.865,2,0.996,0,41.2,3.0008,8.506,0,2.194,0
1.187,0,1.659,0,0,0,1,1,3.601,1,0.976,0,40,3.0271,7.982,0,2.194,0
0.881,0,0.95,0,0,0,0,1,3.714,3,0.967,0,42.9,3.2478,8.09,0,2.264,0
1.461,0,2.298,0,0,1,1,1,3.599,1,0.998,-0.036,42.1,2.8754,8.187,0,2.175,1
0.703,0,2.706,0,0,0,0,2,3.771,4,0.969,0,47.1,2.4193,8.682,0,2.374,0
1.773,0,3.749,0,0,15,2,2,4.432,2,0.993,0,38.5,2.3744,9.497,0,2.351,0
1.187,1,1.659,0,0,0,0,1,3.981,1,1.012,0,46.7,2.9545,8.774,0,2.194,1
0.97,0,3.898,6,0,24,3,4,3.918,12,0.988,-2.283,38.1,2.0841,9.972,0,2.525,0
0.881,0,0.95,0,0,0,1,1,3.72,3,0.976,0,40,3.2934,8.103,0,2.264,0
0.802,0,0.975,0,0,0,0,1,3.178,0,0.97,0,30,2.2803,7.138,0,2.101,0
0.932,0,2.006,1,0,8,0,6,3.962,5,0.992,-0.114,50,2.2507,9.069,0,2.522,0
2.187,0,4.143,0,0,4,0,0,3.643,0,1.038,-1.68,28.6,3.1913,8.478,0,2,1
0.802,0,0.975,0,0,0,0,1,3.587,0,0.998,0,38.5,3.2496,7.838,0,2.101,0
0.918,0,1.333,0,0,0,0,0,2.684,0,0.997,0,11.1,1.925,5.93,0,1.414,0
1.669,0,2.211,1,0,10,0,0,3.629,0,1.087,-5.019,28.6,4.9033,8.471,0,2.327,1
0.569,0,2.241,0,0,0,1,2,6.879,3,0.984,0,54.5,2.4397,11.612,0,2.3,1
0.862,0,0.956,0,0,0,0,1,4.123,0,1.016,0,30,3.3609,8.563,0,2.115,0
1.16,1,1.696,0,0,4,2,1,3.974,3,1.043,0,41.2,3.4879,8.886,0,2.292,0
1.436,0,2.695,1,0,4,0,0,3.446,0,1.014,-0.426,28.6,4.3332,7.893,0,2.136,0
1.409,0,2.036,0,0,2,1,1,3.574,1,0.987,0,42.1,2.898,7.928,0,2.149,1
2.125,0,3.549,0,0,8,1,1,3.718,2,1.016,-0.746,40,2.7876,8.635,0,2.282,1
1.911,0,3.219,0,0,3,0,1,3.664,1,1.028,-1.424,40.9,2.7203,8.485,0,2.23,1
1.846,1,3.082,0,0,11,3,1,4.432,4,1.063,-0.016,35.7,3.5985,9.894,0,2.394,0
0.943,0,1.496,0,0,6,2,3,3.775,3,1.037,0,47.1,2.6955,8.386,0,2.36,1
1.274,0,2.276,1,0,6,0,3,4.257,2,1.082,-1.233,45,2.6152,9.436,0,2.497,0
1.975,0,3.449,0,0,1,0,0,3.35,0,1.014,-0.255,28.6,3.3919,7.677,0,1.962,1
1.185,0,1.686,0,0,4,0,1,3.71,2,1.011,-0.872,44.4,3.1573,8.277,0,2.243,1
1.273,0,1.602,0,0,6,2,1,3.861,2,1.041,0,38.9,3.6002,8.551,0,2.288,0
1.461,0,2.063,0,0,0,1,1,3.63,2,0.974,0,39.1,2.8239,8.047,0,2.203,0
0.625,0,1.262,0,0,8,0,6,3.942,4,1.008,-0.128,58.3,2.3715,8.901,0,2.499,1
0.811,0,1,0,0,0,0,0,3.304,0,1.053,-0.833,25,3.2163,7.178,0,1.732,1
1.185,0,1.74,0,0,0,0,1,3.646,2,0.966,0,41.7,2.8938,8.083,0,2.236,1
0,0,1.047,0,0,0,0,3,3.309,0,0.963,0,35.7,1.9254,7.533,0,2.303,0
0.802,0,0.975,0,0,0,0,1,3.143,0,0.97,0,30,2.1543,7.083,0,2.101,1
1.16,0,1.833,0,0,8,2,1,4.735,2,1.061,0,35.3,3.4571,9.513,0,2.311,1
0,0,2.113,0,0,0,0,2,3.711,2,0.974,0,54.5,2.4571,8.428,0,2.278,1
0.875,0,1.14,0,0,2,0,1,3.587,0,1.062,-0.603,33.3,2.931,8.026,0,2.17,0
0.42,0,3.124,1,0,14,5,11,4.026,10,0.992,-0.314,47.9,1.4888,9.653,1,2.666,0
1.95,0,2.885,0,0,0,0,0,2.937,0,0.986,0,20,2.6771,6.869,0,1.848,0
1.491,0,4.361,0,0,0,3,2,3.689,3,0.976,0,40.9,2.0515,8.765,1,2.285,0
0.922,0,2.847,0,0,9,2,2,3.827,4,1.01,-0.203,48.3,2.4622,8.828,0,2.369,0
2.094,0,5.623,0,0,10,2,2,3.827,4,0.989,-0.185,42,1.9467,8.963,0,2.372,0
3.025,0,6.687,0,0,3,1,1,3.657,2,0.971,0,36.7,1.9089,8.397,0,2.236,0
2.341,0,4.023,0,0,12,0,1,3.794,2,1.001,-0.942,38.1,2.9677,8.737,0,2.351,1
1.859,0,3.114,0,0,5,0,0,3.48,0,1.007,-0.579,32,4.0275,8.066,0,2.12,1
1.459,0,2.052,0,0,0,0,0,3.496,0,1.041,-0.197,20,4.0251,7.753,0,1.902,0
0.629,0,1.207,0,0,5,1,3,3.767,2,1.018,-0.302,52.9,2.7414,8.427,0,2.333,1
1.371,1,2.232,0,0,0,0,0,4.288,0,1.159,-0.481,40,5.2014,9.591,0,2.214,0
1.906,0,2.999,0,0,1,0,0,3.349,0,1.022,-0.262,27.8,3.4039,7.61,0,1.95,1
2.948,0,7.174,0,0,4,0,0,3.335,0,0.995,-1.396,31.8,3.0152,8.317,0,2,1
1.258,0,2.113,0,0,8,0,1,3.753,2,1.053,-2.126,44.4,3.1241,8.529,0,2.278,1
0.827,0,1.026,0,0,8,0,1,3.426,0,1.014,0,28.6,3.0634,7.977,0,2.236,0
0,0,3.08,0,0,0,2,4,3.865,4,0.98,0,53.3,2.0578,8.875,1,2.359,0
0.682,0,1.393,0,0,8,1,6,3.955,5,1.011,-0.252,53.8,2.361,8.963,0,2.508,0
2.134,0,3.936,0,0,5,0,0,3.527,0,0.991,0.159,31.3,4.0313,8.131,0,2.122,1
2.296,0,7.067,0,0,0,2,2,3.702,4,0.967,0,38.9,1.6977,8.928,1,2.295,0
3.284,0,8.066,0,0,2,0,0,3.329,0,0.975,-0.664,33.3,3.0785,8.257,0,1.993,1
1.197,0,1.74,0,0,11,3,1,3.967,4,1.08,0,35,3.9184,8.984,0,2.38,0
0.845,0,0.811,2,0,4,0,3,3.756,0,0.978,0.513,37,2.4937,8.196,0,2.62,1
1.241,0,1.357,0,0,6,0,0,4.468,0,0.989,0,20.7,5.159,9.077,0,2.376,0
1.459,1,1.745,0,0,0,0,0,3.819,0,1.046,0,27.3,3.0128,8.704,0,1.932,0
1.187,0,1.544,0,0,2,1,1,3.635,2,0.987,0,42.1,2.9443,8.009,0,2.194,1
1.563,0,4.684,0,0,13,0,2,3.798,3,1.003,-1.025,44.2,2.2282,9.005,0,2.355,1
2.117,0,4.049,0,0,2,0,0,3.432,0,1.018,-0.987,23.1,3.6462,8.143,0,2.098,1
0.802,0,0.975,0,0,2,0,1,3.523,0,1.016,-0.053,41.7,2.8688,7.808,0,2.101,1
1.003,1,2.826,2,0,3,3,4,4.068,7,0.993,0,40.8,2.4518,9.454,1,2.51,0
1.455,0,2.041,0,0,2,1,1,3.657,2,0.981,0,40,2.8459,8.148,0,2.251,0
0,0,2.221,0,0,0,1,3,3.627,1,0.998,0,40,1.8312,8.602,0,2.375,0
1.048,0,3.585,0,0,0,2,2,3.796,4,0.982,0.556,41.5,2.2838,8.919,0,2.358,0
0,0,0.667,0,0,0,0,1,3.452,0,0.971,0,50,3,7.573,0,2,1
4.297,0,15.507,0,0,6,0,0,3.405,0,0.974,-0.327,32.8,3.402,8.926,0,2.086,1
2.23,0,2.764,0,0,0,0,0,3.167,0,0.976,0,28.6,3.6384,7.528,0,2.093,0
1.16,1,1.602,0,0,4,3,1,4.057,3,1.084,0,42.9,3.5995,9.118,0,2.303,0
1.705,0,2.905,0,0,3,0,1,3.573,1,1.003,-0.242,42.9,2.7023,8.245,0,2.166,1
1.922,0,2.691,0,0,2,0,0,3.586,0,1.036,-1.853,30,4.2802,8.016,0,2.127,1
1.686,0,2.733,1,0,7,0,0,3.567,0,1.007,-0.561,32,4.2076,8.163,0,2.244,0
1.126,0,1.274,2,0,6,0,3,3.675,0,0.987,0,33.3,2.3194,8.164,0,2.607,0
0.954,1,2.444,1,1,0,2,2,4.252,4,1.029,0,50,2.538,9.708,0,2.424,0
0.853,0,0.818,1,0,0,0,3,3.662,0,0.964,1.531,38.5,2.3368,8.011,0,2.53,0
0.625,0,3.098,0,0,6,0,2,3.73,2,0.998,-0.271,50,2.2675,8.718,0,2.328,1
1.459,0,2.052,0,0,0,0,0,2.998,0,0.959,0,30,2.6272,6.77,0,1.902,1
1.792,0,3.506,1,0,5,0,0,3.496,0,1.014,-0.806,28.6,4.6435,8.131,0,2.165,0
1.053,1,1.075,3,0,8,0,3,4.405,0,1.116,-3.753,39.1,3.0045,9.839,0,2.789,0
2.281,0,3.685,0,0,0,0,0,2.957,0,0.966,0,28.6,2.7312,7.078,0,1.902,1
2.1,0,4.692,0,0,9,0,0,4.029,0,0.993,0.953,24.4,4.467,8.883,0,2.267,0
0.722,0,0.8,1,0,0,0,0,4.385,0,1.212,0,20,3.756,9.115,0,2,0
1.197,0,1.962,0,0,10,2,1,4.74,3,1.07,0,33.3,3.8121,9.679,0,2.389,0
0,0,0.5,0,0,0,0,3,3.369,0,0.981,0,30,2.2384,7.49,0,2.303,0
1.436,0,2.428,0,0,5,0,0,3.49,0,1.086,-2.845,26.7,3.9139,8.03,0,2.117,1
1.182,0,11.072,0,0,23,0,6,3.58,0,0.989,-0.966,34.1,0.8039,9.841,0,2.475,1
1.831,1,3.18,0,0,2,3,1,4.051,3,1.037,-0.393,36,3.0922,9.113,0,2.296,0
1.776,0,4.905,0,0,6,2,2,3.834,6,1.004,-1.023,42.3,2.2627,9.307,0,2.392,0
0.861,1,1.047,0,0,2,4,1,4.119,4,1.073,0,46.2,3.5332,9.154,0,2.303,0
2.122,0,3.997,0,0,0,0,0,3.321,0,0.996,0,26.9,4.7731,8.334,0,2.211,0
0.946,1,3.43,0,0,8,5,2,4.016,5,1.051,0,48,2.5104,9.395,0,2.329,0
1.273,0,1.602,0,0,4,1,1,3.853,2,1.015,0,40,3.4085,8.521,0,2.288,0
2.123,0,3.342,0,0,12,0,1,3.795,2,1.015,-1.165,43.8,3.1939,8.776,0,2.351,1
1,0,1.707,0,0,0,0,0,2.817,0,1.031,0,20,2.2525,6.32,0,1.618,1
1.251,1,3.069,1,0,8,4,2,4.063,4,1.02,-0.278,37.5,2.7525,9.397,0,2.473,0
1.124,1,1.513,0,0,6,4,1,4.076,4,1.1,0,40,3.8133,9.175,0,2.353,0
0,0,1.443,0,0,0,4,6,4.046,4,0.988,0,52.2,2.2477,8.933,1,2.414,0
0,0,2.829,0,0,0,2,2,3.648,2,0.98,0,50,2.2988,8.469,1,2.236,0
0.875,1,1.14,0,0,0,1,1,3.869,2,0.991,0,46.7,3.1061,8.454,0,2.17,0
1.632,0,3.108,0,0,0,0,3,4.346,2,1.01,0,45,2.3043,9.455,0,2.38,0
1.406,0,1.309,0,0,9,0,0,4.421,0,1.041,0,17.6,4.6932,8.962,0,2.189,0
1.969,1,4.828,0,0,8,6,2,3.992,6,1.03,-1.11,37.1,2.6389,9.692,0,2.38,0
1.876,0,3.439,1,0,8,0,1,3.678,1,1.006,-0.472,39.3,2.9658,8.491,0,2.248,0
1.185,0,1.74,0,0,4,1,1,3.707,2,1.024,-0.931,41.2,3.1187,8.288,0,2.236,1
1.185,0,1.563,0,0,7,1,1,3.741,2,1.04,-1.113,43.8,3.3133,8.303,0,2.267,1
0.954,1,3.414,0,0,8,6,2,4.11,6,1.064,0,48,2.6068,9.572,0,2.368,0
1.541,1,4.374,0,0,5,4,5,4.304,7,1.019,-1.123,42.4,1.8267,9.956,0,2.415,0
1.23,0,1.809,1,0,5,2,1,3.774,3,0.99,0,37.9,3.3527,8.414,0,2.375,0
0.88,0,1.166,8,2,0,0,1,4.055,0,1.303,0,33.3,4.6405,9.257,0,2.798,0
0.73,0,1.026,0,0,6,0,3,3.843,2,1.017,-0.185,55.6,2.7331,8.577,0,2.393,0
1.425,0,2.257,0,0,6,0,1,3.477,0,1.019,-0.318,30.8,2.8739,8.121,0,2.274,1
0.73,0,1.098,0,0,0,2,3,3.921,4,0.988,0,45.5,3.0152,8.577,0,2.394,0
1.733,0,2.571,0,0,6,1,1,3.713,2,0.998,-0.432,37.9,3.2319,8.464,0,2.311,0
2.322,0,4.086,0,0,0,0,0,2.995,0,0.985,0,21.4,2.906,7.275,0,1.919,0
1.153,0,1.406,1,0,12,3,1,4.092,6,1.044,0,33.3,4.6158,9.375,0,2.546,0
0.565,0,1.935,1,0,5,0,3,3.857,2,1.009,-0.826,48.4,2.3056,8.961,0,2.55,0
1.528,0,1.945,0,0,6,2,1,3.743,3,1.018,0,40.9,3.2685,8.362,0,2.29,1
1,0,1.707,0,0,0,0,0,3.844,0,1.009,0,28.6,3.4592,8.128,0,1.618,0
0.881,0,0.95,0,0,0,1,1,3.719,3,0.976,0,40,3.2927,8.103,0,2.264,0
0.521,0,3.626,0,0,0,3,2,3.712,3,0.994,0,46.2,2.3407,8.678,0,2.236,0
0,0,4.13,0,0,4,0,2,3.587,2,0.983,0,48.3,1.9651,8.536,0,2.194,0
0.732,0,2.676,0,0,8,4,2,4.738,4,1.012,0,41.4,2.7057,9.664,0,2.426,0
0.875,0,1.14,0,0,0,1,1,3.627,2,0.979,0,41.2,3.0804,7.954,0,2.17,0
1.418,0,2.586,0,0,10,0,3,3.919,4,1.02,-0.761,46.7,2.5966,8.958,0,2.403,0
1.261,0,1.695,0,0,4,1,1,3.67,2,1.011,0,44.4,3.1788,8.192,0,2.222,1
1.273,0,1.951,0,0,2,0,1,3.671,2,0.984,0,43.5,2.9304,8.238,0,2.251,1
3.284,0,8.066,0,0,2,0,0,3.33,0,0.977,-0.671,34.6,3.1869,8.337,0,1.993,1
1.938,0,2.563,0,0,3,1,1,3.728,2,0.984,0.036,40.6,3.2439,8.541,0,2.337,0
1.837,0,2.244,0,0,2,0,0,4.828,0,1.007,0,21.1,4.1948,9.521,0,2.175,0
0.596,0,3.93,0,0,10,2,4,3.882,8,0.996,0,42.3,1.6801,9.237,0,2.437,0
1.522,0,2.094,0,0,0,0,0,2.919,0,1.015,0,23.1,2.5915,6.634,0,1.732,1
1.217,0,2.131,0,0,2,0,3,3.879,3,1.003,-0.79,50,2.6275,8.701,0,2.376,0
1.061,0,2.176,2,0,4,1,2,3.888,5,0.975,0,42.6,2.7618,8.961,0,2.483,0
1.585,0,2.488,0,0,0,0,0,2.991,0,0.961,0,33.3,2.4884,6.88,0,1.802,1
0.971,0,1.542,0,0,0,0,0,10.692,0,1.029,-0.259,22.2,3.021,14.218,0,1.848,0
0.799,1,0.873,0,0,2,6,1,4.295,6,1.123,0,46.2,3.9253,9.557,0,2.414,0
1.455,0,1.897,1,0,5,0,1,3.657,1,0.998,0,39.1,3.1068,8.196,0,2.315,0
0.76,1,1.013,3,0,0,0,10,4.404,0,1.043,0.654,46.2,2.1119,9.796,0,2.824,0
2.353,0,3.88,0,0,6,0,1,4.698,1,1.012,0.134,35.3,3.3444,9.666,0,2.3,0
2.217,0,2.369,0,0,9,0,0,4.416,0,1.051,0,23.1,4.7497,9.522,0,2.25,0
1.074,0,1.239,2,0,4,0,6,3.656,0,0.985,0,35.3,1.9915,8.176,0,2.641,0
1.261,0,1.783,0,0,4,1,1,3.664,2,1.011,0,44.4,3.0853,8.192,0,2.214,1
0.881,0,0.95,0,0,4,1,1,3.728,3,0.987,0,42.1,3.3307,8.118,0,2.264,0
1.261,0,1.436,0,0,0,0,1,3.665,2,0.968,0,45.5,3.0766,8.107,0,2.247,0
1.436,0,2.428,0,0,6,0,0,3.564,0,1.064,-2.748,33.3,4.0085,8.128,0,2.117,1
0,0,1.244,0,0,0,0,1,3.237,0,0.965,0,40,2.3041,7.887,0,2,0
1.125,1,1.481,0,0,0,0,1,3.692,1,0.991,0,46.7,2.8945,8.337,0,2.136,1
2.066,0,3.873,0,0,14,0,1,3.795,2,1.001,-0.98,38.1,3.092,8.789,0,2.354,1
0.648,1,2.758,0,0,0,1,2,3.926,3,0.998,0,52,2.3195,9.118,0,2.322,0
0.875,0,1.14,0,0,0,2,1,3.633,2,0.991,0,37.5,3.1297,7.969,0,2.17,0
3.322,0,8.122,0,0,0,0,0,3.24,0,0.965,0,33.3,2.9106,8.146,0,1.978,1
1.16,0,1.634,0,0,2,0,1,3.697,0,0.998,1.466,34.8,3.0252,8.261,0,2.288,0
0.816,0,2.434,0,0,0,0,2,3.738,3,0.971,0,50,2.343,8.539,0,2.307,0
0.544,0,2.919,0,0,4,2,2,3.699,3,0.986,0,50,2.4398,8.573,0,2.264,0
1.754,0,2.952,0,0,8,1,1,4.702,2,1.022,0,36,3.2017,9.602,0,2.307,0
0.875,0,0.854,0,0,2,2,1,6.88,2,1.016,0,46.2,3.2896,11.593,0,2.194,0
3.181,0,8.016,0,0,10,0,0,3.408,0,0.983,-0.28,32.4,4.002,8.619,0,2.14,1
1.126,0,2.895,0,0,9,0,2,3.833,3,1.009,-0.688,50,2.5259,8.899,0,2.384,0
1.009,0,4.315,0,0,18,0,2,3.644,0,1.022,-3.756,35.6,2.1775,8.901,0,2.381,0
2.3,0,4.098,0,0,3,0,0,3.357,0,0.986,-0.082,31,3.0603,7.732,0,2.011,0
0,0,1,0,0,0,0,0,2.279,0,1.016,0,16.7,1.1521,4.948,0,1,1
4.491,0,17.537,0,0,8,0,0,3.646,0,0.974,-0.214,32.6,3.3815,9.204,0,2.08,1
1.622,0,1.615,0,0,12,0,1,3.789,0,1.018,-1.986,36.4,3.4839,8.759,0,2.458,0
2.3,0,4.098,0,0,4,0,0,3.405,0,0.998,-0.193,30.8,3.4478,7.864,0,2.011,1
1.585,1,2.488,0,0,0,0,0,3.578,0,1.005,0,28.6,2.4553,8.315,0,1.802,0
0.918,0,1.333,0,0,0,0,0,2.642,0,0.975,0,20,1.8227,5.834,0,1.414,1
1.258,0,2.011,0,0,4,0,1,3.785,0,1.069,-2.476,41.2,3.3902,8.553,0,2.288,1
3.122,0,8.008,0,0,2,0,0,3.329,0,0.974,-0.654,32.1,2.9854,8.216,0,2,1
0.875,0,1.069,0,0,0,2,1,3.638,2,0.991,0,37.5,3.1791,7.969,0,2.175,0
0.72,1,2.359,0,0,0,10,2,4.361,12,1.121,0,54.5,3.1768,10.237,0,2.532,0
1.299,0,1.541,0,0,6,2,1,3.744,3,1.018,0,40.9,3.4023,8.369,0,2.301,1
2.733,0,3.441,0,0,12,0,0,4.415,0,0.987,0,28.3,4.5221,9.152,0,2.257,0
1.508,0,2.373,0,0,3,3,1,3.736,3,1.011,-0.121,36,3.1623,8.47,0,2.296,0
0.918,0,1.333,0,0,0,0,0,2.731,0,0.998,0,22.2,2.0093,6.033,0,1.414,0
0.75,0,1.508,0,0,16,0,6,3.986,4,1.103,-3.296,55.6,2.4524,9.007,0,2.532,1
1.95,0,2.885,0,0,0,0,0,2.955,0,1.01,0,22.2,2.7308,6.944,0,1.848,1
1.258,0,1.706,0,0,6,3,1,3.883,3,1.042,0,35,3.602,8.639,0,2.317,0
1.203,0,1.496,0,0,1,0,1,3.637,0,1.023,0,38.5,3.0463,7.872,0,2.152,1
1.459,0,2.052,0,0,1,0,0,3.36,0,1.031,-0.711,23.1,3.4743,7.41,0,1.902,0
0.918,0,1.333,0,0,0,0,0,2.991,0,1.014,0,28.6,2.311,6.578,0,1.414,1
1.16,0,1.833,0,0,4,1,1,4.725,2,1.018,0,35,3.3759,9.496,0,2.311,0
1.79,0,2.612,0,0,6,0,0,3.493,0,1.035,-1.035,33.3,4.7233,8.202,0,2.136,1
1.459,0,1.745,0,0,2,0,0,3.083,0,1.005,0,25,2.9558,6.914,0,1.932,1
1.911,0,3.267,0,0,3,1,1,3.611,1,1.007,-0.396,41.7,2.6738,8.461,0,2.202,1
1.16,0,1.553,0,0,6,2,1,3.882,3,1.041,0,38.9,3.6023,8.601,0,2.305,0
2.281,1,3.685,0,0,0,0,0,3.542,0,0.972,0,30.8,2.6225,7.944,0,1.902,1
1.258,0,2.113,0,0,8,1,1,3.849,2,1.069,-1.093,41.2,3.2871,8.704,0,2.278,1
1.522,0,2.094,0,0,0,0,0,2.848,0,0.97,0,25,2.3911,6.432,0,1.732,1
1.16,0,1.833,0,0,4,2,1,4.725,2,1.031,0,31.6,3.4071,9.499,0,2.311,0
1.125,0,1.481,0,0,0,0,1,3.304,0,0.965,0,40,2.3714,7.542,0,2.136,0
0.773,0,1.204,1,0,0,1,3,3.792,2,0.975,1.361,42.9,2.628,8.475,0,2.428,0
1.621,0,2.315,0,0,0,0,1,3.939,0,0.996,0,28.1,3.2718,8.797,0,2.307,0
1.585,0,2.488,0,0,1,0,0,2.874,0,0.979,0,27.8,2.4062,6.649,0,1.802,1
1.187,1,1.659,0,0,0,1,1,4.523,1,1.011,0,42.9,2.8489,9.314,0,2.194,0
0,0,2.829,0,0,0,0,2,3.633,2,0.972,0,52,2.1615,8.453,0,2.236,0
2.974,0,6.102,0,0,0,0,0,2.976,0,0.96,0,31.9,2.8079,7.59,0,1.962,1
1.258,0,1.244,0,0,7,1,1,3.821,0,1.029,0,38.1,3.5506,8.441,0,2.352,1
1.393,0,1.542,0,0,1,0,1,3.325,0,1.028,0,27.3,2.2197,7.303,0,2.214,1
1.522,0,2.094,0,0,0,0,0,2.794,0,0.959,0,29.4,2.1906,6.333,0,1.732,1
0.432,1,1.839,1,0,0,0,3,4,3,0.983,0,54.3,2.2521,9.166,0,2.49,0
0.881,0,0.95,0,0,0,1,1,3.695,3,0.976,0,40,3.2078,8.095,0,2.236,0
0.774,1,7.983,0,0,6,6,4,4.005,8,1.018,-2.182,45.7,1.5772,9.977,0,2.393,0
3.418,0,9.52,0,0,6,0,0,3.525,0,0.973,0.238,33.3,3.122,8.459,0,2.094,1
0.768,1,0.955,3,0,0,0,6,4.407,0,1.071,0.425,45.5,2.4353,9.865,0,2.799,0
1.185,0,1.563,0,0,6,2,1,3.861,2,1.057,0,40,3.5834,8.518,0,2.267,0
1.33,1,2.211,1,0,9,2,2,3.944,4,1.02,-0.741,45.7,2.6715,9.362,0,2.481,0
2.79,0,5.864,0,0,3,0,0,3.357,0,0.979,-0.071,31.7,3.0077,7.954,0,2.017,1
1.912,0,4.536,4,0,16,0,1,3.753,2,0.988,0,34.5,3.2399,8.931,0,2.409,0
1.604,0,2.731,0,0,3,2,1,3.666,2,1.002,-0.066,38.5,2.9071,8.395,0,2.242,0
1.662,1,2.83,0,0,3,2,1,3.904,3,1.033,-0.991,40.9,3.0549,8.804,0,2.281,0
1.059,0,3.879,4,0,8,2,2,3.895,8,0.975,0,38.7,2.7485,9.318,0,2.494,0
0.875,1,1.14,0,0,0,2,1,3.87,2,1.005,0,42.9,3.1562,8.463,0,2.17,0
3.524,0,9.6,0,0,5,0,0,3.384,0,0.984,-0.287,32.3,3.3098,8.492,0,2.088,1
0.875,0,1.341,0,0,9,2,6,4.015,5,1.035,-0.406,50,2.6213,8.955,0,2.492,0
1.261,0,1.783,0,0,0,0,1,3.623,2,0.966,0,41.7,2.7973,8.015,0,2.214,0
3.146,0,6.909,0,0,0,0,0,6.866,0,0.965,0,32,2.852,11.578,0,1.97,1
0.881,1,0.95,0,0,2,3,1,3.998,3,1.048,0,46.2,3.3803,8.868,0,2.236,0
3.309,0,8.395,0,0,3,0,0,3.358,0,0.975,-0.076,33.3,3.1269,8.298,0,2.019,1
1.197,1,1.098,0,0,0,4,1,4.262,6,1.099,0,57.1,3.9791,9.544,0,2.439,0
0.959,0,1.138,0,0,1,0,1,3.603,0,1.042,0.417,40,2.9426,7.829,0,2.236,1
0,0,0.579,0,0,0,0,1,4.034,0,0.983,0,44.4,3.2048,8.415,0,2,0
1.585,0,2.488,0,0,0,0,0,2.961,0,1.005,0,25,2.7566,6.802,0,1.802,1
0.971,0,1.542,0,0,1,0,0,3.047,0,1.015,0,23.1,2.8042,6.782,0,1.848,1
1.429,0,2.904,0,0,4,1,3,3.861,3,0.981,0,45.2,2.4008,8.632,0,2.348,0
0.544,0,2.627,0,0,4,0,2,3.755,2,0.989,0.075,54.2,2.3618,8.63,0,2.307,0
1.096,0,1.996,0,0,12,3,3,4.77,5,1.063,0,35.7,3.254,10.203,0,2.511,0
1.693,0,3.021,0,0,12,2,1,4.702,3,1.038,0,31,3.4588,9.707,0,2.357,0
0.971,0,2.313,1,0,9,3,5,3.97,7,0.991,-0.299,43.3,2.0229,9.415,0,2.617,0
0.762,0,1.027,0,0,8,0,3,3.866,2,1.05,-1.101,53.3,2.8539,8.527,0,2.424,1
1.379,0,2.133,0,0,0,0,0,3.189,0,0.977,0,28.6,3.4168,7.198,0,2,0
0.971,0,1.542,0,0,0,0,0,3.644,0,1.093,-0.98,25,3.2439,8.039,0,1.848,1
0.881,1,0.95,0,0,0,2,1,4.025,3,1.012,0,46.7,3.3884,8.859,0,2.264,0
1.761,0,2.313,0,0,6,0,0,3.341,0,1.043,0,22.7,3.9788,7.66,0,2.189,1
0.832,0,1.055,2,0,2,0,1,3.573,0,0.982,0.374,32.1,2.8955,8.088,0,2.394,0
2.565,0,4.993,0,0,4,0,0,3.423,0,0.985,-0.312,33.3,3.1896,7.952,0,2.015,1
1.557,0,2.535,0,0,0,0,0,3.105,0,0.998,0,26.3,3.1334,7.107,0,1.932,0
0.749,1,3.174,0,0,0,6,2,4.124,8,1.028,0,44.8,2.4912,9.615,0,2.398,0
3.105,0,3.559,0,0,0,0,0,10.319,0,0.959,0,31.7,4.5365,14.007,0,2.309,0
1.708,0,2.168,1,1,8,3,1,4.004,4,1.057,0,33.3,4.1216,9.257,0,2.479,0
1.379,0,1.776,0,0,3,0,0,3.475,0,0.998,-0.056,31.3,3.9373,7.673,0,2.053,0
0.544,0,2.952,0,0,2,1,2,3.676,3,0.986,0,50,2.1739,8.558,0,2.259,0
0.875,0,1.069,0,0,0,0,1,3.247,0,0.969,0,30.4,2.3621,7.325,0,2.175,0
0.802,0,0.975,0,0,0,1,1,3.579,0,0.998,0,38.5,3.201,7.834,0,2.101,0
0.799,1,0.873,0,0,0,0,1,4.085,0,1.069,0,33.3,2.9421,9.504,0,2.414,0
0.971,0,1.542,0,0,0,0,0,3.33,0,0.979,0,33.3,2.9651,7.322,0,1.848,1
0.875,0,0.854,0,0,0,2,1,3.698,2,1.056,0,50,3.3893,8.071,0,2.194,0
1.891,0,2.602,0,0,2,0,0,3.096,0,0.973,0,29.6,3.1402,7.197,0,2.042,1
2.058,0,2.598,0,0,7,0,1,4.824,1,1.011,-0.331,33.3,3.2179,9.789,0,2.36,0
0.811,1,1.411,2,1,0,0,0,4.26,0,1.048,0,26.7,4.4339,8.986,0,2.303,0
0.971,0,1.542,0,0,0,0,0,3.333,0,1.083,-1.19,22.2,3.2723,7.299,0,1.848,1
1.124,0,1.671,1,0,3,1,1,3.766,3,0.978,0,39.3,3.2786,8.354,0,2.368,0
0.971,0,1.542,0,0,2,0,0,3.18,0,0.989,0,30.8,2.8963,7.056,0,1.848,1
1.557,0,2.195,0,0,3,0,0,3.421,0,1.013,-0.359,33.3,3.6944,7.598,0,1.97,1
1.261,0,1.436,0,0,0,0,1,3.687,2,0.971,0,50,3.1972,8.189,0,2.247,0
1.792,0,2.666,0,0,8,0,0,3.397,0,1.044,0,23.1,4.2631,7.88,0,2.247,1
1.886,1,3.188,0,0,7,4,1,3.96,4,1.029,-0.627,37.5,3.2862,9.042,0,2.366,0
2.807,0,5.698,0,0,1,0,0,2.976,0,0.969,0,31,2.7989,7.552,0,1.956,1
1.859,0,3.341,1,0,3,0,0,3.389,0,1.002,-0.239,29.6,3.9016,7.979,0,2.175,1
0.863,0,1.435,1,1,0,0,0,4.263,0,1.174,-1.461,25,4.373,9,0,2.175,0
1.23,0,1.581,0,0,8,2,1,3.962,3,1.067,0,36.8,3.8515,8.914,0,2.351,0
1.837,0,2.57,0,0,6,0,0,3.494,0,1.021,-0.913,31.6,4.0241,7.912,0,2.074,1
1.455,0,1.887,0,0,3,1,1,3.683,2,0.981,0,40,2.9807,8.152,0,2.282,0
0,0,1,0,0,0,0,0,2.267,0,1.015,0,0,1.1349,4.917,0,1,0
1.185,0,1.74,0,0,6,1,1,3.712,2,1.04,-0.986,43.8,3.1445,8.3,0,2.236,1
1.162,0,1.737,2,0,8,1,1,3.883,4,0.993,-1.093,37.5,3.6981,8.814,0,2.467,0
0.569,0,2.096,0,0,0,1,2,3.765,3,0.98,0,50,2.5536,8.528,0,2.327,0
0.5,0,2.271,0,0,0,1,3,3.697,2,0.995,0,39.4,1.8996,8.68,0,2.396,0
1.622,0,1.615,0,0,12,0,1,3.783,0,1.048,-2.66,27.3,3.4146,8.66,0,2.458,0
0,0,0.667,0,0,0,0,1,3.033,0,0.972,0,29.4,2.1142,6.823,0,2,1
1.5,0,2.472,1,0,0,0,0,3.271,0,0.983,0,26.1,3.4015,7.383,0,2.112,0
1.409,0,2.036,0,0,0,0,1,3.553,1,0.976,0,40,2.6422,7.884,0,2.149,1
2.388,0,3.036,0,0,12,0,0,6.912,0,1.039,0,25.7,5.1487,13.367,0,2.284,0
1.185,0,1.686,0,0,4,1,1,3.835,2,1.024,0,41.2,3.4006,8.497,0,2.243,0
0.802,0,0.975,0,0,1,1,1,3.589,0,1.016,0,41.7,3.2788,7.854,0,2.101,1
1.258,0,1.768,0,0,6,3,1,3.865,3,1.042,0,35,3.5578,8.639,0,2.309,0
0.749,0,3.141,0,0,4,8,2,6.954,8,1.049,0,52.2,2.7457,13.369,0,2.396,0
1.938,0,3.879,1,0,3,0,1,3.429,0,0.983,1.47,35.1,2.2523,8.257,0,2.236,1
1.891,0,2.244,0,0,0,0,0,3.155,0,0.998,0,25,3.5378,7.315,0,2.053,0
1.225,0,1.526,0,0,14,4,1,4.018,4,1.137,0,31.6,4.1935,9.217,0,2.411,0
1.585,0,2.488,0,0,2,0,0,2.897,0,1.005,0,25,2.477,6.732,0,1.802,1
0.584,0,4.947,0,0,12,2,4,3.833,4,1.02,-1.375,51.2,1.5353,9.377,0,2.419,0
1.577,0,3.172,0,0,9,2,6,3.942,4,1.031,-1.722,36.2,2.2373,9.248,0,2.527,0
0.802,0,0.975,0,0,0,0,1,3.579,0,0.982,0,42.9,3.1806,7.821,0,2.101,0
1.258,0,2.113,0,0,4,0,1,3.718,2,0.998,-0.87,41.7,2.9844,8.382,0,2.278,1
0.648,0,3.095,0,0,4,2,2,3.7,4,0.998,0,48.1,2.1796,8.654,0,2.275,0
0.972,0,1.861,1,0,10,0,2,3.82,1,1.021,-1.903,41.4,2.6497,8.806,0,2.511,0
1.185,0,1.74,0,0,2,1,1,3.69,2,0.987,1.014,45,3.0583,8.228,0,2.236,0
1.459,0,2.052,0,0,1,0,0,3.344,0,1.014,-0.211,28.6,3.3939,7.382,0,1.902,1
0.862,0,0.956,0,0,0,0,1,4.069,0,0.977,0,41.7,3.1007,8.506,0,2.115,0
1.662,1,2.83,0,0,2,3,1,4.009,3,1.061,-1.05,42.1,3.0864,9.053,0,2.281,0
0,0,1.305,0,0,0,0,6,4.345,4,0.981,0,57.1,2.6689,9.171,0,2.469,0
1.585,0,2.488,0,0,1,0,0,2.93,0,0.991,0,23.5,2.5972,6.762,0,1.802,0
3.146,0,6.909,0,0,0,0,0,3.005,0,0.964,0,30.8,2.9244,7.749,0,1.97,1
0,0,0.579,0,0,0,0,1,3.526,0,1.011,0,44.4,3.4245,7.6,0,2,0
0.802,0,0.975,0,0,0,1,1,3.581,0,0.998,0,38.5,3.223,7.834,0,2.101,0
0.861,1,1.047,0,0,2,4,1,6.88,4,1.066,0,46.2,3.5136,11.635,0,2.303,0
0.664,0,1.146,0,0,0,2,3,4.177,2,1.001,0.848,46.7,2.6499,8.992,0,2.364,0
0,0,1.305,0,0,0,0,6,4.048,4,0.983,0,54.5,2.6947,8.807,1,2.469,0
2.936,0,3.435,1,0,32,0,0,3.563,0,0.988,-1.343,32.7,6.9923,9.275,0,2.361,0
0.832,0,3.982,0,0,6,4,4,3.956,7,1.02,0,47.2,2.3232,9.333,0,2.418,0
1.522,0,2.094,0,0,0,0,0,6.873,0,0.999,0,27.3,2.2995,12.253,0,1.732,0
0.875,1,1.069,0,0,0,2,1,3.973,2,1.025,0,50,3.2349,8.792,0,2.175,0
0.875,0,1.069,0,0,0,0,1,3.626,2,0.968,0,44.4,3.0777,7.939,0,2.175,1
0.881,0,0.95,0,0,6,0,1,3.632,0,1.107,-2.406,25,3.09,8.205,0,2.236,0
0.881,0,1.06,0,0,2,3,1,6.892,3,1.034,0,46.2,3.3439,12.274,0,2.246,0
1.792,0,2.666,0,0,8,0,0,3.397,0,1.044,0,23.1,4.2631,7.88,0,2.247,1
1.555,0,4.054,1,0,4,2,2,3.787,4,0.998,0,40.4,2.2581,8.93,0,2.426,0
1.16,0,1.661,0,0,4,1,1,4.729,2,1.018,0,35,3.5678,9.496,0,2.342,0
0.832,1,0.952,0,0,0,5,1,4.27,5,1.106,0,50,3.736,9.517,0,2.365,0
2.117,0,3.798,0,0,0,0,0,3.216,0,0.975,0,25.7,3.6265,7.767,0,2.084,0
1.709,1,5.285,0,0,4,6,2,4.09,6,1.032,0,42.9,2.3939,9.674,0,2.374,0
0.811,0,1.411,2,2,0,0,0,4.196,0,1.27,0,25,4.8224,9.044,0,2.303,0
1.455,0,1.897,1,0,0,0,1,3.641,1,0.966,0,40.7,2.9284,8.128,0,2.315,0
1.95,0,2.885,0,0,0,0,0,2.946,0,0.997,0,21.1,2.7037,6.907,0,1.848,0
1.975,0,2.398,0,0,12,0,1,3.83,0,1.021,0,26.3,4.0287,8.939,0,2.404,0
1.125,0,2.158,0,0,8,0,3,3.919,4,1.035,-1.992,50,2.6755,8.915,0,2.396,0
1.842,0,3.775,3,0,0,0,0,3.423,0,0.96,0,32,4.2584,8.212,0,2.314,0
0.697,1,4.266,0,0,2,5,2,4.051,5,1.033,-0.374,46.4,2.209,9.469,0,2.299,0
2.797,0,5.313,0,0,10,0,0,4.433,0,0.986,0,28.6,4.4911,9.217,0,2.242,0
1.125,0,1.481,0,0,0,0,1,3.15,0,0.961,0,33.3,2.125,7.158,0,2.136,0
1.546,0,2.303,0,0,2,1,1,3.682,2,0.986,0,39.3,3.0066,8.33,0,2.278,0
1.197,1,1.679,1,1,4,2,1,3.991,3,1.133,0,41.2,3.7849,9.077,0,2.403,0
1.393,0,1.542,0,0,1,0,1,3.315,0,0.989,0,30.8,2.1144,7.257,0,2.214,1
3.774,0,10.723,0,0,8,0,0,3.397,0,1.002,-0.554,30.6,3.7308,8.752,0,2.085,1
1.125,0,1.481,0,0,0,1,1,3.561,1,0.979,0,41.2,2.9639,7.846,0,2.136,0
0.74,1,3.068,0,0,6,8,2,4.183,10,1.07,0,48.1,2.7448,9.891,0,2.449,0
1.193,0,1.586,0,0,4,0,1,3.631,0,1.02,-0.608,30,2.8477,8.126,0,2.336,0
1,0,1.707,0,0,0,0,0,3.218,0,1.09,0,33.3,2.956,7.145,0,1.618,1
0.861,1,0.962,0,0,0,4,1,4.103,4,1.052,0,42.9,3.5327,9.148,0,2.307,0
0.881,1,0.95,0,0,0,3,1,4.139,3,1.052,0,50,3.4643,9.097,0,2.264,0
0,0,0.667,0,0,0,0,1,3.061,0,0.984,0,25,2.1902,6.883,0,2,0
0.629,0,1.075,0,0,2,1,3,3.895,3,1.004,0,50,3.0607,8.515,0,2.351,0
0.827,0,1.244,0,0,0,0,1,6.915,0,0.999,0,33.3,2.5137,12.953,0,2.247,0
1.187,0,1.659,0,0,0,0,1,3.632,1,0.969,1.121,47.4,2.9815,8.078,0,2.194,0
1.837,0,2.732,0,0,5,0,0,3.525,0,1.021,-0.104,31.6,3.9071,7.886,0,2.084,1
1.975,0,3.165,0,0,4,0,0,3.423,0,0.998,-0.33,33.3,3.4572,7.73,0,2,1
1.871,0,5.533,0,0,12,0,2,4.61,0,1.055,-0.945,23.5,2.3629,9.993,0,2.466,1
0.945,0,2.814,0,0,4,1,2,7.065,2,1.017,0,41.7,2.2721,12.279,0,2.327,0
0.918,0,1.521,0,0,2,0,0,3.424,0,1.053,-1.185,25,3.6148,7.507,0,2,1
0.732,1,3.061,0,0,6,6,2,4.022,6,1.043,0,50,2.6126,9.422,0,2.346,0
1.95,0,2.885,0,0,0,0,0,2.881,0,0.96,0,30.4,2.4475,6.741,0,1.848,1
0.789,1,1.13,0,0,8,4,3,4.276,6,1.136,-1.749,53.3,3.1334,9.574,0,2.534,0
0.971,0,1.542,0,0,0,0,0,3.849,0,1.027,0.116,10,3.3271,8.14,0,1.848,0
1.761,0,2.989,0,0,6,0,0,3.531,0,1.013,-0.11,31.8,4.0026,8.001,0,2.107,1
1.024,0,1.871,0,0,9,3,3,4.738,5,1.041,0,40,2.9783,9.706,0,2.443,0
2.929,0,4.685,0,0,17,0,0,3.526,0,0.989,-0.851,32.5,5.6969,8.951,0,2.262,1
1.084,1,1.693,0,0,6,3,1,4.742,4,1.048,0,33.3,3.7456,9.697,0,2.396,0
1.185,0,1.74,0,0,4,1,1,3.83,2,1.024,0,41.2,3.3176,8.497,0,2.236,0
1.409,1,2.036,0,0,0,0,1,3.622,1,0.986,0,44.4,2.6567,8.37,0,2.149,0
1.455,0,2.749,1,0,6,0,3,4.311,0,1.053,-0.557,37,2.3752,9.635,0,2.504,0
3.427,0,9.594,0,0,10,0,0,3.393,0,0.981,-0.117,32.5,3.7942,8.693,0,2.13,1
1.16,1,1.572,0,0,4,3,1,4.106,3,1.084,0,42.9,3.701,9.12,0,2.318,0
3.355,0,8.143,0,0,2,1,1,3.64,2,0.97,0,36.2,1.8048,8.486,0,2.214,1
3.866,0,10.593,0,0,9,0,1,3.497,0,0.991,-0.336,31.6,1.8975,8.727,0,2.361,1
0.703,0,2.589,1,0,2,1,2,3.767,3,0.981,0,46.9,2.4441,8.7,0,2.412,0
1.379,1,2.133,0,0,1,0,0,3.822,0,1.037,-0.741,28.6,3.81,8.259,0,2,0
2.252,0,4.178,0,0,5,0,0,3.379,0,1.019,-1.068,30.8,3.3996,8.09,0,2.044,1
1.617,0,2.885,5,0,1,0,0,3.896,0,1.231,0,29.2,6.591,8.943,0,2.605,0
3.09,0,6.884,0,0,10,0,0,3.432,0,1.034,-1.569,32.4,3.9908,8.562,0,2.061,1
0.918,0,1.333,0,0,0,0,0,6.867,0,0.985,0,25,1.7389,11.561,0,1.414,0
1.16,1,1.553,0,0,4,3,1,4.054,3,1.084,0,42.9,3.6476,9.118,0,2.305,0
0.824,1,5.31,0,0,12,9,3,4.741,9,1.056,-0.656,44.2,2.1249,10.284,0,2.42,0
0.881,1,1.06,0,0,2,3,1,3.999,3,1.048,0,46.2,3.3877,8.87,0,2.246,0
0.662,0,3.601,1,0,0,0,2,3.697,2,0.969,1.199,47.4,2.1651,8.77,0,2.366,0
0,0,0.667,0,0,0,0,1,3.122,0,1.014,0,28.6,2.368,7.015,0,2,0
3.682,0,11.779,2,0,8,1,1,3.854,4,0.974,-0.117,35,2.1976,9.163,0,2.466,0
1,0,1.707,0,0,1,0,0,2.974,0,0.998,0,30,2.4719,6.631,0,1.618,1
1.23,0,1.873,0,0,10,3,1,3.941,3,1.101,0,35.3,3.7881,8.927,0,2.338,0
1.185,0,1.476,0,0,4,0,1,3.367,0,0.993,0,33.3,2.4725,7.747,0,2.263,0
0.875,0,0.854,0,0,4,2,1,3.67,2,1.022,0,42.9,3.3319,8.008,0,2.194,1
0.862,0,0.956,0,0,0,0,1,3.662,0,1.041,0,20,3.5568,7.859,1,2.115,0
2.777,1,5.294,0,0,0,0,0,3.542,0,0.969,0,31.6,2.7719,8.127,0,1.95,1
0,0,0.667,0,0,0,0,1,3.093,0,0.998,0,26.7,2.2975,6.951,0,2,0
1.907,1,4.275,2,2,2,0,0,4.277,0,1.1,0,28.6,4.3135,9.84,0,2.255,0
1.185,0,1.74,0,0,0,1,1,3.651,2,0.974,0,39.1,2.9221,8.096,0,2.236,0
3.146,0,6.909,0,0,1,0,0,2.988,0,0.968,0,31.4,2.856,7.753,0,1.97,1
1.124,0,1.69,1,0,4,1,1,3.78,3,0.978,0,39.3,3.3114,8.357,0,2.377,0
1.125,0,1.481,0,0,0,0,1,3.608,0,0.984,0,46.7,3.1284,7.967,0,2.136,0
1.187,0,1.487,0,0,2,1,1,3.639,2,0.987,0,42.1,3.0034,8.009,0,2.2,1
0.881,1,1.06,0,0,0,3,1,3.996,3,1.029,0,42.9,3.3499,8.863,0,2.246,0
0.692,1,2.191,6,0,0,0,15,4.416,0,1.059,0.765,42.9,1.665,10.41,0,2.804,0
1.16,1,1.268,0,0,0,4,1,4.102,4,1.052,0,37.5,3.5241,9.166,0,2.327,0
0.548,0,2.321,1,0,4,2,3,3.787,4,0.987,0,45,2.1018,8.859,0,2.488,0
0.918,0,1.521,0,0,2,0,0,3.375,0,0.984,0.259,31.3,3.3225,7.403,0,2,1
0,0,0.444,0,0,0,0,1,3.119,0,1.014,0,28.6,2.5664,6.827,0,2,1
1.299,0,1.569,1,0,1,0,0,7.078,0,1.087,-0.75,30,4.4887,12.275,0,2.222,0
0.465,0,6.12,0,0,12,0,3,3.741,2,1.02,-0.224,50,1.7705,9.265,0,2.283,0
0,0,0.95,0,0,0,0,3,4.226,2,0.996,0,50,3.0585,8.879,0,2.323,0
4.3,0,10.634,0,0,9,0,0,3.939,0,0.967,0,32,4.1188,9.326,0,2.121,1
2.322,1,4.086,0,0,0,0,0,3.547,0,0.985,0,30.8,2.6931,8.444,0,1.919,0
0.682,0,1.322,0,0,11,1,6,3.968,5,1.021,-0.514,56,2.415,8.971,0,2.518,0
1.59,0,2.465,0,0,10,0,1,3.764,2,1.03,-0.952,41.7,3.2253,8.591,0,2.307,1
2.55,0,4.489,0,0,0,0,0,2.949,0,0.96,0,31.4,2.6909,7.253,0,1.932,1
0.75,0,2.478,0,0,0,2,2,3.822,6,0.981,0,43.8,2.5242,8.764,0,2.368,0
0.75,0,1.017,0,0,2,0,1,3.355,0,0.992,0.225,31.6,2.3925,7.556,0,2.091,1
1.124,0,1.671,0,0,6,2,1,4.74,3,1.033,0,33.3,3.6618,9.542,0,2.368,0
1.59,0,2.147,0,0,10,0,1,3.793,2,1.03,-1.1,41.7,3.3983,8.593,0,2.343,1
2.187,0,3.568,0,0,5,0,0,3.461,0,1.007,-0.558,32,3.6519,8.013,0,2.074,1
0.881,0,1.06,0,0,3,1,1,3.71,3,0.987,0,42.1,3.2486,8.114,0,2.246,1
0.664,1,1.563,0,0,2,1,2,3.922,2,1.011,0,47.1,2.4754,8.669,0,2.387,0
1.975,0,3.165,0,0,3,0,0,3.424,0,1.021,-0.41,31.6,3.6387,7.785,0,2,1
0,0,1.443,0,0,0,0,6,3.966,4,0.976,0,58.3,2.5237,8.812,0,2.414,0
1.928,1,2.989,0,0,8,2,1,4.701,0,1.045,0,31,3.576,9.944,0,2.377,0
1.494,0,2.399,2,0,3,1,1,3.798,3,0.972,0,37.2,3.3208,8.588,0,2.436,0
0.722,0,0.8,0,0,0,0,0,4.712,0,1.092,0,11.1,5.0476,9.303,0,2,1
0.861,0,0.984,0,0,4,1,1,3.784,4,0.983,0,40.9,3.4136,8.242,0,2.318,0
1.906,0,2.682,0,0,3,0,0,3.423,0,1.032,-0.501,31.3,3.6524,7.697,0,1.989,1
1.029,0,1.583,0,0,6,2,3,4.748,4,1.029,0,41.7,3.1356,9.674,0,2.462,0
2.468,0,3.889,0,0,5,0,0,3.379,0,0.98,-0.039,31.6,3.8301,7.95,0,2.119,1
0.789,1,1.13,0,0,6,4,3,4.274,6,1.114,-1.249,50,3.1038,9.567,0,2.534,0
0.745,0,2.924,0,0,13,4,2,3.881,6,1.038,-0.525,46.4,2.5397,8.952,0,2.404,0
1.459,0,2.052,0,0,0,0,0,3.07,0,0.979,0,22.2,2.904,6.918,0,1.902,0
0.719,0,3.176,0,0,4,12,2,6.99,12,1.089,0,52.2,3.0431,13.877,0,2.485,0
1,0,2.266,0,0,0,0,2,3.798,4,0.969,0,47.1,2.5769,8.644,0,2.384,0
0.906,1,1.017,0,0,2,0,1,4.116,0,1.05,0.498,33.3,3.0402,8.818,0,2.278,0
2.187,0,2.965,0,0,10,0,0,4.823,0,1.024,-1.009,26.3,5.2824,9.752,0,2.314,0
0.811,0,1.411,2,2,0,0,0,4.281,0,1.246,0,25,4.7601,9.233,0,2.303,0
1.824,0,5.891,13,1,2,0,0,4.005,0,1.292,-4.724,31.8,7.9184,9.825,0,2.7,0
0.861,0,1.037,1,0,2,0,1,3.597,0,0.98,1.509,37.5,2.8227,8.072,0,2.327,0
1.585,0,2.488,0,0,0,0,0,6.866,0,0.972,0,29.4,2.3783,11.564,0,1.802,0
1,0,1.707,0,0,1,0,0,3.038,0,0.998,0,30,2.3729,6.735,0,1.618,1
3.882,0,11.382,0,0,4,0,0,3.366,0,0.97,0.022,32.6,3.2291,8.51,0,2.058,1
0,0,1.305,0,0,4,0,6,4.066,4,0.993,0,57.1,2.7382,8.83,0,2.469,0
1.16,1,1.696,0,0,4,3,1,4.073,3,1.084,0,42.9,3.54,9.118,0,2.292,0
1.5,0,2.472,1,0,0,0,0,3.304,0,0.993,0,27.3,3.6085,7.433,0,2.112,0
3.066,0,6.801,0,0,5,0,0,10.323,0,0.969,0.15,31.2,4.2358,14.009,0,2.328,0
3.113,0,4.518,0,0,12,0,0,4.415,0,0.999,0,27.7,4.758,9.274,0,2.258,0
0.802,0,0.975,0,0,2,0,1,3.344,0,0.985,0.464,35.3,2.2808,7.446,0,2.101,1
0.917,0,0.939,0,0,4,0,1,4.66,0,1.018,0,26.7,2.9809,9.26,0,2.256,0
1.459,0,1.745,0,0,4,0,0,4.19,0,1.038,0,15.4,3.6845,8.634,0,1.932,0
0.548,0,2.583,0,0,6,2,6,3.945,4,1.013,0.355,53.3,1.9359,9.123,0,2.529,0
1.197,1,1.74,0,0,8,4,1,4.048,4,1.101,0,33.3,3.9386,9.191,0,2.38,0
1,0,1.707,0,0,0,0,0,2.79,0,1.007,0,18.2,2.1848,6.251,0,1.618,1
1.39,1,1.372,1,0,0,0,1,3.699,0,1.014,0,30.8,2.4664,8.194,0,2.38,0
1.185,0,1.563,0,0,4,0,1,3.73,2,1.011,-0.863,44.4,3.2457,8.28,0,2.267,1
0.881,1,1.06,0,0,0,3,1,4.007,3,1.029,0,42.9,3.3502,8.863,0,2.246,0
0.861,0,0.962,0,0,4,1,1,3.774,4,0.983,0,40.9,3.3797,8.239,0,2.307,0
1,0,1,0,0,0,0,1,3.302,0,0.998,0,30,2.3699,7.174,0,2.17,1
1.185,0,1.74,0,0,4,2,1,3.832,2,1.039,0,37.5,3.3541,8.506,0,2.236,0
0.682,0,1.322,0,0,8,1,6,3.966,5,1.011,-0.309,53.8,2.4062,8.965,0,2.518,0
0.881,1,1.06,0,0,2,2,1,3.921,3,1.012,0,43.8,3.3155,8.562,0,2.246,0
0.917,0,0.939,0,0,4,0,1,4.681,0,1.055,0,23.1,3.2947,9.289,0,2.256,1
1.459,1,2.052,0,0,1,0,0,3.815,0,1.057,-0.738,27.3,3.5181,8.172,0,1.902,1
3.301,0,7.718,0,0,1,0,0,3.129,0,0.968,0,32.7,3.0163,7.984,0,1.975,1
0.802,0,0.975,0,0,0,1,1,3.557,1,0.982,0,42.9,3.0837,7.79,0,2.101,1
1.197,0,2.219,2,2,0,0,1,3.809,2,1.139,0,44.4,3.4093,8.673,0,2.381,0
0.862,0,0.956,0,0,2,0,1,3.416,0,1.025,-0.046,33.3,2.6696,7.481,0,2.115,1
1.455,0,2.349,0,0,1,2,1,3.658,2,1.003,-0.074,38.1,2.9363,8.311,0,2.22,0
1.922,0,3.677,0,0,4,0,0,3.359,0,1.036,-1.74,30,3.167,7.994,0,2,1
1.125,0,1.481,0,0,0,0,1,3.554,1,0.979,0,41.2,2.8728,7.83,0,2.136,1
2.21,0,3.769,0,0,7,0,0,3.53,0,0.983,0.218,33.3,4.0218,8.143,0,2.147,1
0.875,0,0.854,0,0,0,2,1,3.655,2,0.991,0,37.5,3.2417,7.973,0,2.194,0
1.073,0,6.465,0,0,9,4,3,3.848,5,1.016,-0.391,44.4,1.767,9.537,0,2.314,0
2.071,0,3.744,0,0,9,1,1,3.743,2,1.002,-0.464,38.7,2.7402,8.502,0,2.29,1
1.379,0,1.776,0,0,5,0,0,3.523,0,1.013,0.086,33.3,4.0061,7.747,0,2.053,1
0.799,0,1.197,0,0,8,0,3,3.707,0,1.018,0.508,40.9,2.3633,8.396,0,2.441,0
2.522,0,5.475,0,0,4,0,0,3.337,0,1.008,-1.48,31.3,3.0402,8.169,0,2,1
0.732,0,3.219,0,0,0,0,2,3.374,0,0.97,0,31.9,1.7855,8.174,0,2.329,0
1.273,1,1.951,0,0,4,1,1,3.848,2,1.043,0,41.2,3.1979,8.81,0,2.251,0
0.881,0,0.95,0,0,0,0,1,3.775,0,1.041,0,20,3.6508,8.228,0,2.236,0
0.799,0,0.873,0,0,2,6,1,6.982,6,1.086,0,46.2,3.8407,13.184,0,2.414,0
1.459,1,1.745,0,0,1,0,0,3.579,0,1.039,0,23.1,3.0468,7.899,0,1.932,1
1.185,1,1.563,0,0,4,1,1,3.933,2,1.042,-0.995,46.7,3.303,8.671,0,2.267,0
1.16,0,1.833,0,0,6,1,1,4.735,2,1.031,0,36.8,3.4001,9.506,0,2.311,1
1.805,0,2.809,0,0,7,2,1,3.712,2,1.009,-0.505,36.7,3.2952,8.522,0,2.295,0
0.682,1,1.322,0,0,8,1,6,4.041,5,1.021,-0.321,58.3,2.412,9.177,0,2.518,0
0.802,0,0.975,0,0,2,0,1,3.159,0,0.98,0,31.6,2.18,7.119,0,2.101,1
0,0,4.13,0,0,0,0,2,3.489,0,0.974,0,35.1,1.8929,8.179,0,2.194,0
1.085,0,3.551,0,0,0,3,2,3.688,3,0.979,0,42.9,2.1754,8.671,1,2.279,0
1.185,0,1.74,0,0,6,2,1,3.834,2,1.057,0,40,3.3837,8.516,0,2.236,0
0.918,0,1.372,1,0,3,0,0,3.31,0,1.005,0,25,3.6943,7.266,0,2.074,0
0.971,0,1.542,0,0,2,0,0,3.396,0,1.047,-0.981,33.3,3.5122,7.436,0,1.848,1
1.352,0,1.459,1,0,6,0,0,6.88,0,1.086,0,20,4.8614,11.599,0,2.264,0
2.027,0,3.918,2,0,24,0,0,3.394,0,1.026,0,25.6,4.7687,8.181,0,2.303,0
1.258,0,2.113,0,0,6,0,1,3.771,0,1.069,-2.3,41.2,3.2355,8.551,0,2.278,0
1.461,0,2.298,0,0,0,0,1,3.265,0,0.981,0,29.6,2.3348,7.58,0,2.175,0
1.922,0,3.132,0,0,6,0,0,3.431,0,1.036,-0.796,30,3.6985,8.008,0,2.061,1
0.875,1,1.14,0,0,0,2,1,3.955,2,1.025,0,50,3.1831,8.792,0,2.17,0
1.459,0,2.052,0,0,1,0,0,3.087,0,1.005,0,25,3.0057,6.989,0,1.902,1
1.907,0,3.598,1,0,13,0,0,3.503,0,0.989,-0.209,30.8,4.5881,8.269,0,2.314,1
0.853,0,0.986,1,0,0,0,3,3.676,0,0.964,1.646,38.5,2.2966,8.065,0,2.554,1
0.875,1,0.854,0,0,0,2,1,4.034,2,1.025,0,50,3.3007,8.794,0,2.194,0
1.258,0,2.011,0,0,8,1,1,3.857,2,1.069,-1.168,41.2,3.4294,8.704,0,2.288,0
3.022,0,6.935,0,0,10,0,0,3.542,0,0.987,-0.945,33.3,4.4123,8.631,0,2.156,1
2.205,0,1.951,0,0,0,0,0,10.319,0,0.957,0,30.2,4.0653,14.005,0,2.303,0
3.61,0,10.844,0,0,12,0,1,3.794,2,0.978,-0.862,35.4,2.2317,9.08,0,2.351,0
0.636,0,2.585,0,0,10,2,6,6.881,4,1.022,-0.647,54.5,2.0284,11.664,0,2.551,0
3.546,0,10.986,0,0,9,0,0,3.519,0,0.991,-0.794,30,3.532,8.71,0,2.291,0
1.161,0,2.084,2,0,3,1,1,3.799,3,0.974,0,37.8,3.3311,8.548,0,2.417,0
1.546,0,2,0,0,4,2,1,3.729,3,0.994,0,40.7,3.1976,8.364,0,2.305,1
0.875,0,0.854,0,0,0,1,1,3.648,2,0.979,0,41.2,3.1875,7.959,0,2.194,0
1.185,0,1.686,0,0,4,2,1,3.837,2,1.039,0,37.5,3.4398,8.506,0,2.243,0
0,0,0.579,0,0,0,0,1,3.52,0,1.01,0,33.3,3.4601,7.59,1,2,1
1.557,0,2.195,0,0,2,0,0,3.114,0,0.998,0,26.3,3.1387,7.098,0,1.97,1
1.461,0,1.917,0,0,3,1,1,3.661,2,0.987,0,45,2.9639,8.14,0,2.231,1
0.918,0,1.333,0,0,0,0,0,6.87,0,1.064,0,20,1.9184,11.578,0,1.414,0
1.409,0,2.036,0,0,0,0,1,3.219,0,0.984,0,25,2.2821,7.385,0,2.149,0
1.258,0,1.711,0,0,8,2,1,3.946,2,1.087,0,37.5,3.8356,8.854,0,2.323,0
1.733,0,2.585,0,0,4,0,1,3.725,2,0.984,0.124,38.7,3.0393,8.44,0,2.305,0
3.301,0,7.718,0,0,0,0,0,3.349,0,0.963,0,31.6,2.8789,8.202,0,1.975,0
1.187,0,1.544,0,0,4,2,1,3.649,2,1.011,0,41.2,3.1517,8.058,0,2.194,1
0,0,4.15,0,0,0,4,3,3.712,4,0.983,0,50,1.8029,8.934,2,2.295,0
1.016,1,3.03,0,0,12,6,2,4.751,8,1.07,0,35.3,2.9683,10.384,0,2.477,0
0.964,1,9.592,0,0,14,12,4,4.016,14,1.032,-2.695,41.9,1.6237,10.274,0,2.399,0
1.125,0,1.832,0,0,8,2,3,4.033,4,1.058,0,45.5,3.1674,9.15,0,2.441,0
1.695,0,2.815,0,0,7,0,1,3.547,0,0.99,0.266,35.7,2.5436,8.108,0,2.212,1
3.774,0,10.97,0,0,8,0,0,3.376,0,0.98,-0.09,32.5,3.408,8.67,0,2.068,1
1.392,0,1.164,1,0,12,0,0,3.331,0,1.029,0,23.8,4.1328,7.491,0,2.236,0
0.72,0,2.359,0,0,0,10,2,6.991,12,1.078,0,54.5,3.1295,13.877,0,2.532,0
1.702,0,2.753,4,0,14,0,1,3.582,0,0.988,0,30.9,3.4572,8.624,0,2.455,0
1.662,1,2.652,0,0,2,3,1,4.05,3,1.022,-0.043,40.9,3.0136,9.03,0,2.283,0
0.918,0,1.372,1,1,0,0,0,4.238,0,1.152,0,28.6,3.9599,8.925,0,2.074,0
1.5,0,2.682,0,0,4,0,0,3.408,0,1.069,-2.153,28.6,3.3851,7.893,0,2,1
4.12,0,9.52,0,0,3,0,1,3.532,0,0.973,0.135,31.8,1.6696,8.485,0,2.306,0
1.5,0,2.682,0,0,4,0,0,3.519,0,1.09,-2.514,33.3,3.9399,8.016,0,2,1
0.985,0,1.762,0,0,4,0,3,3.881,3,1.009,-0.884,52.4,2.736,8.68,0,2.359,1
1.008,0,2.666,2,0,3,2,4,4.02,6,0.987,0,40.8,2.4473,9.254,1,2.506,0
1,1,1.707,0,0,0,0,0,3.567,0,0.997,0,33.3,2.4441,7.775,0,1.618,1
0.662,0,2.977,0,0,15,3,3,4.443,9,0.994,0,42.9,2.2854,9.741,0,2.407,0
0.762,0,1.027,0,0,6,0,3,3.673,0,1.015,-0.186,40,2.3549,8.272,0,2.424,0
1.461,0,1.964,0,0,3,0,1,3.652,1,0.987,0.209,45,2.8791,8.162,0,2.214,1
0.802,0,0.975,0,0,2,0,1,3.535,0,1.016,0.041,41.7,2.8449,7.809,0,2.101,1
2.733,1,3.441,0,0,0,0,0,4.278,0,0.962,0,30.5,3.6865,9.024,0,2.257,0
1.187,0,1.544,0,0,4,1,1,3.662,2,1.02,0,46.7,3.1116,8.143,0,2.194,1
1.187,0,1.659,0,0,2,0,1,3.652,1,0.992,0.121,47.1,3.015,8.132,0,2.194,1
3.459,0,8.931,0,0,0,0,0,4.047,0,0.964,0,31.3,2.974,8.864,0,1.981,0
1.187,0,1.487,0,0,2,2,1,3.648,2,0.998,0,38.9,3.1871,8.042,0,2.2,0
0,0,1.471,0,0,0,0,4,10.329,4,0.97,0,53.3,1.9414,14.016,0,2.562,0
0.802,1,0.975,0,0,0,0,1,3.658,0,0.979,0,33.3,2.1712,7.988,0,2.101,0
1.561,0,2.054,0,0,0,0,0,3.137,0,0.983,0,26.1,3.4065,7.167,0,2.029,0
0.629,0,1.075,0,0,0,0,3,3.873,3,0.972,0,52.4,2.9132,8.471,0,2.351,0
2.246,0,3.412,0,0,3,0,0,3.394,0,0.993,-0.177,33.3,3.3652,7.788,0,2.024,1
2.281,0,3.685,0,0,1,0,0,2.936,0,0.973,0,29.6,2.6274,7.087,0,1.902,1
1.745,0,4.222,0,0,0,0,2,3.779,4,0.974,0,46.3,1.9828,8.855,0,2.33,0
1.837,0,3.193,0,0,1,0,0,3.349,0,0.979,1.559,34.8,3.3317,7.827,0,2,1
1.523,0,2.002,0,0,0,1,1,3.603,1,0.973,0,38.5,2.9372,8.063,0,2.236,0
0,0,0.751,0,0,0,0,7,3.976,4,0.977,0,60,2.6427,8.661,0,2.471,0
0.811,0,1,0,0,0,0,0,3.84,0,0.994,0.5,22.2,2.9848,8.085,0,1.732,0
1.379,0,2.133,0,0,2,0,0,3.689,0,1.097,-0.662,9.1,4.3883,8.139,0,2,0
