x,y,labels
-2.400139217062689,-0.4753272701471728,C
-1.9759425903585248,1.6213048323950616,C
-2.4949250406218653,-0.8189445241189682,C
-1.393182414213896,-2.0827116225303244,C
-2.0882758407026936,-1.3582240724063674,C
0.4246859210496788,-2.488521691978441,C
-1.706558854941662,1.8613411236334614,C
-0.5978567569614922,-1.6081776684673799,S
-1.6048910849747782,1.9452612323359695,C
-1.9379507659866977,-1.5584017585946355,C
-0.4584926203809659,-1.477068816213279,S
-0.712614918470758,2.6210847820583782,C
-2.1313400997500107,-1.2150212213129306,C
-1.211255036341292,-2.053460253815089,C
-2.3021447534346455,-1.1531587361667763,C
0.673307609324134,-1.7025545349931495,S
-0.5779642186882398,2.423434313851815,C
-1.020845104974552,-2.193770330698666,C
2.498131815495224,0.3614965926067669,C
-1.008562851068841,1.0804932381728622,L
-0.6310276107318167,-2.4821360715832754,C
0.8664566564766389,1.158142590650204,R
2.6041151077994353,-0.1615286739531217,C
0.714253602392983,-1.156764741269073,S
2.3698098419772142,0.7554853412126306,C
0.3062173169120921,-1.395252989408835,S
2.2680687969428486,0.15231663648347,C
-0.40038326095147336,-1.4634582287843707,S
-2.120380165234144,1.191096381661675,C
-0.21918064461128164,-1.5554108657679244,S
-0.6573851691794925,-1.504109952983417,S
0.22804149075182753,-1.3202021991329747,S
2.02010573639428,1.4174312517775571,C
0.9659309294187283,1.0300283606489582,R
-1.578331468249174,1.8660523212590316,C
0.12542020072274981,-1.6584747434091878,S
0.12414984128625967,-1.6784197204044915,S
1.2239330513122568,-1.2208435280415235,S
2.0708054762188515,1.184282452551279,C
-2.4316732104432215,0.5844773235727221,C
4.429919608894758e-06,-1.4210609622970813,S
2.009333200522306,-1.2462737251823919,C
0.11033993872889084,-2.347511513828939,C
1.119672703252303,1.0208972331388406,R
-0.7039502443043354,-1.161594525839583,S
1.2980859736508485,-2.210643118463224,C
1.8027697230013526,1.8119048571051874,C
-1.156927355726925,0.9821940144428764,L
-0.03179094067534407,2.5750165300443837,C
1.0457468692979386,-1.169755052839396,S
-2.3405792089222266,-1.0933785535026925,C
-1.5126113359665532,-2.0953899902527686,C
0.5172542213289828,-1.5301686369620309,S
-0.8917565779898117,0.864997095223438,L
2.3530582215790035,-0.9048275299947629,C
-2.5266003386398417,0.5017713345569935,C
2.5272706609919813,-0.31081322616489376,C
-1.069077708717945,-2.3016709412173477,C
-1.1505279897643537,1.0599839918786,L
2.0970705024720715,1.3350907471911417,C
-1.838991957606954,1.5446456757136104,C
0.98722339660649,1.0241048802441057,R
2.552934611055087,0.29138136103412693,C
2.431907882135125,-1.002273656594105,C
2.0222879995208576,1.8119012547693378,C
-2.359486262638948,0.9675306267315483,C
-2.3833906797841675,0.7355387907760155,C
0.48626799700265033,-1.42872597396913,S
-1.9549555543056576,1.7506380740722565,C
0.8128976411484196,2.2847890841103875,C
2.515143428291997,0.334887503627751,C
-0.7820558127214775,-1.2810572578039245,S
-1.571905551619454,-1.8342553958106373,C
-0.23620024660740024,-1.5631683925180053,S
0.9792530705899458,-1.0374981940493007,S
-1.4578382184999987,-2.02974102896899,C
1.4794525784364772,2.0073961309113177,C
-0.7829838071464542,-1.1975399353838638,S
-0.9897640877028557,0.9432340626322683,L
-1.0812238711093538,1.0823048785911675,L
-1.100364435239052,0.8805037499020418,L
2.491077793993024,-0.001308832943624325,C
2.554657303721355,-0.4490018258386041,C
2.1640282538581905,-1.3160110229056918,C
1.5433255894353246,1.8651996770924668,C
1.487394727498103,-1.8060645645745663,C
0.9425017716035822,-0.9781307443782127,S
0.7096127189252494,-0.9883833122727608,S
-2.3872956495024953,-0.6681202303257232,C
1.1509390345763342,0.9465769301932554,R
-0.5404339820415754,-1.4030078386105729,S
2.417733985406494,-1.0057926173700436,C
1.1101203668082888,1.0830715718554484,R
2.1398576483711076,1.170193229505859,C
1.1311076656905374,-2.2780016565703423,C
-2.3979822083514364,-0.4043482603601497,C
-2.177911828586681,1.0758047424489288,C
2.5183424653618207,-0.5732113885464158,C
2.361653879789709,-0.4820301302817698,C
-0.8565712427866323,1.2246300884765016,L
-2.438076442310322,-0.9245541500175825,C
-2.2483625154433966,-1.0304101304158984,C
-1.257856975882669,-2.1625046921945494,C
-1.3154077310984782,-2.2314425364442445,C
-2.1876626960059484,-1.105320775986625,C
0.3703766549267807,-2.42337807213636,C
0.33064567127797584,2.521131073943069,C
0.6877864173347805,2.3040440005246423,C
2.270485074484663,0.9141807679365647,C
0.9004733047671728,1.0749727916516332,R
-1.0964779005498966,2.2104893509125416,C
-0.5055462629208841,2.4774700479649634,C
1.6876224068866053,1.8382099492363233,C
-2.546171537996852,-0.36802019042916195,C
1.5992502057632105,-1.9229708782346058,C
-1.198101080146429,-0.9277804124876338,S
-2.249199914554534,-1.1807051502453694,C
0.293513581542895,2.601813415637919,C
2.1367069597893704,-1.420361004869794,C
-2.6620808988752214,-0.3973502209896807,C
-2.4397784219907117,0.3682489015900264,C
-2.1313295613168592,1.022885120965518,C
-1.1543916681863962,0.9832845738771585,L
-2.5315791516512394,0.19365426193351917,C
1.5920339591129904,2.0195407041535542,C
0.15209154565019103,-2.62959756807005,C
-2.418622555721543,0.8991909430810441,C
-2.2108065980641167,-1.1690666664604226,C
0.23809393403021814,2.452496814993733,C
-1.0891158340010583,0.959196551368313,L
2.5356207459170674,-0.7744121892862614,C
0.29894094470577237,-1.4543558323173114,S
2.2261150883362313,-0.6261432682624516,C
-0.8428920133573985,1.227450801262933,L
0.09459244925785637,2.435044102417096,C
1.3825924096482458,2.232282401632461,C
1.0026371643673238,0.8902270102529523,R
-0.8765560623756987,-1.3329623441376386,S
0.1695306926563328,-2.4547727009348828,C
-2.7662588955687912,0.07861524429969088,C
-0.8892009228471801,0.9853213392719731,L
-0.5450831397096061,-1.4239261426876972,S
0.15149913041297386,2.5821307955241863,C
-2.3987281322815575,-0.7060258028623061,C
1.7031119727739799,-1.785704291053852,C
2.5121606499924973,-0.31600669047473073,C
2.3532463459844286,-0.9747858244460091,C
-2.162250150909775,1.175408705083256,C
2.347933263303262,-0.9151606207374811,C
-1.5628120825913823,1.8340451696396618,C
2.443901130755374,0.43590832403496566,C
0.37184884209433977,-1.3945536269066787,S
-0.2643758881147978,-1.5456813639888376,S
1.5977093228302142,1.6663227866879964,C
-0.28416304739437964,2.4989718457754697,C
0.9469180043513308,2.2765687688323593,C
0.19936815204838937,-2.59630126768098,C
0.427099747159771,-1.4411661090275427,S
0.8657388732342448,1.036579204675649,R
1.965763199694744,-1.3462291313153885,C
-0.6792774591038461,-1.290374417413236,S
-0.9517534338242127,1.0515792800977182,L
-0.9486047163834881,1.0774712625453946,L
-0.040417518967044076,-2.346057370496016,C
2.3564012829732,-0.8366861931352703,C
-1.5697429532479454,1.7850319296567263,C
-0.9310421372810466,-1.2676312135986367,S
1.1900509623351674,1.0392987110326601,R
-1.503614184970455,-1.9973986915890292,C
1.1702767555634699,2.038727417947668,C
1.0771070677635872,0.9852112979488576,R
-0.9389069845318648,-1.1793247156316968,S
0.9833410927654205,-2.3274876586836926,C
-2.667263376892928,0.2801491738391467,C
1.1342461984750667,0.9703064466605464,R
2.2330586015664213,1.0155955472551,C
1.4429544582304352,1.9737342936921682,C
1.4659699312229306,-1.917366392823928,C
2.563179918210256,-0.16481719333905162,C
1.782408198356092,1.8590300497337198,C
0.7694086446040156,0.9678649993634307,R
2.26878513786293,1.1964189997078374,C
0.8945782696404878,0.9323496777804342,R
-0.536362648243093,-1.5381464626175259,S
0.5230192341891822,-1.5383785618036638,S
-1.189004689876465,0.9077391635107759,L
-1.5495775054134273,2.1521520118498176,C
-2.2573117818860635,-1.1108790784268205,C
-0.30994171995206155,2.6397956219326693,C
-0.711115829321063,-1.2105916854642584,S
-0.9479678435077012,2.2731236025075727,C
0.7499452970925089,-1.0649745738590488,S
1.1186782280678453,1.1335583754846348,R
2.1996477062027258,0.41832134875223587,C
1.0434349124989328,0.9651907516815541,R
2.508171876516394,-1.0987674436161314,C
-0.20570479825113736,-1.4211444599938563,S
-2.273413502258906,0.9062322187902156,C
2.4271900412770244,0.2331921470851404,C
0.5251409396119209,-1.2789355713175272,S
-1.637201624021431,-1.8609870282909278,C
0.1489822894542249,-1.5959774944287692,S
1.0619135079661224,1.2037758988041403,R
1.214077520659884,2.0477219517804084,C
-0.6302928127958949,2.311306088975869,C
-1.0244411962675322,0.9654440082526201,L
1.5557532304571857,1.9896674226490185,C
1.0471040708961252,0.928433458357085,R
1.2243464194903864,-1.027058151840824,S
1.0224084525980768,-2.145115757140965,C
-2.3090297927003713,-0.7241257446921723,C
-1.8621927549039918,1.5806428178445702,C
0.151651118749997,2.4652660714470453,C
1.593761358272239,1.9552564175827294,C
-2.6450474933116546,0.381596100604601,C
-1.1470768630089632,-2.2719180180078307,C
-1.9069647625184651,1.5128712065538195,C
2.0764151361938232,-1.016921051900281,C
-2.382439067375848,0.22697485934150913,C
-2.164724929646732,1.0759343802102848,C
-1.8718019847878449,1.7797921782765682,C
0.6340455416169911,-1.3361867504603053,S
0.7326532442467185,-2.3993441200307535,C
0.43508989195058795,2.543912316572754,C
1.886947623934005,1.6102661801952223,C
-0.47325089199140524,-1.3136907308727366,S
1.6973074208275718,-1.6655854421561225,C
1.2145200261184599,2.1816339388716255,C
-0.5690160271777952,2.4409214219584783,C
-2.142820585990802,1.1669490724575322,C
-2.482703756615899,-0.2546890466669859,C
0.31990613606385526,-1.4401122790402507,S
-1.2121961661027794,2.269177920788868,C
0.4174509287696453,-1.4689821556098395,S
0.89221224905275,-2.373307513938835,C
-2.600976529831722,0.1138232420195228,C
-2.3391709534662577,-0.5623807446916105,C
-2.469183333011003,-0.42896617258798114,C
2.334568555953624,-0.6023044961099903,C
0.8481989112561352,-2.208142827565597,C
-2.411587163074324,0.5119298589256477,C
0.27155135570270905,-1.3672914085057208,S
0.8841055133854453,-1.1579564499986592,S
0.8851709216066134,-2.355959730164105,C
-1.5300109358291625,-1.9971319257096416,C
-1.1247944251317117,2.179943771957714,C
2.354111685258388,0.8906500825039131,C
-0.3900172915321023,-2.522772948191695,C
0.21749486848227345,2.3092294673503577,C
-0.6445652059153745,-1.3577332534918398,S
-0.9967804309284857,0.8576448272565753,L
0.1995637331134538,-1.5018726610512458,S
-1.441041159552379,-2.021382511829693,C
0.9975872362184911,2.263291658039705,C
-1.3441195211561325,2.0614826880528634,C
0.08814901438483393,2.4268187507139487,C
0.3355307520297743,-2.248002371020542,C
0.7620473520386194,-1.2840824936761026,S
2.343133166600792,-0.7179252944464652,C
-0.8006054666909654,-1.4057967479311908,S
1.2254434468904183,1.1157979162808223,R
1.8764437425758216,1.7427953070966606,C
1.0803388210483582,1.094878164030063,R
-1.750569806904419,-1.4774961223678718,C
0.18926015984328293,-2.410370061242723,C
2.3243738936932434,0.33961180557581244,C
0.44065550455166924,2.3823419453094057,C
-0.5927814882117776,-1.4786499671195992,S
-0.4902740778681319,-1.5001163763535266,S
2.424969350365829,-0.11984141484655714,C
1.214088505397682,2.0587123627889516,C
-2.421460881092034,-0.5885629687001882,C
0.7597917596233997,-1.4075940411801213,S
1.9657975438321964,-1.300488478684641,C
0.6264073463556998,-2.2779180295994026,C
2.5180721358344504,-0.19759477402596617,C
-1.1054920744023031,0.9002127039554306,L
0.014229135076583578,-1.399902711106188,S
-2.0369415969174516,1.4419155496491332,C
1.3336256233471253,2.1779924367343853,C
2.25319087622681,1.253060032252474,C
-2.516607331805375,-0.3547646205949229,C
-0.5052407083590725,-1.2861096600379474,S
-1.1529401424051107,2.2643027281706525,C
-0.058614984954692036,-2.3093518648452154,C
0.1677044717943111,-2.4915008493596873,C
-0.8251540578752506,-1.2979096940106407,S
1.5332067418633082,-2.0358833606246853,C
-1.9588104748732242,-1.5726406497306615,C
-1.8944163247436705,-1.4329788154828091,C
-1.97954070843819,-1.7690501313354206,C
0.13202349715165496,-2.4948625134633686,C
2.511025856398572,0.08526029676577779,C
2.312189656248591,-0.9229482123094678,C
-0.10051435498905371,2.46522308292146,C
0.9442451659849629,-1.0721590260975395,S
-1.694663394482078,1.7557635423100444,C
0.9617328620205416,-1.0091754591067361,S
-2.1443819559303727,-1.2506765728259446,C
2.56838927049139,0.3247875698833613,C
-2.536015825580175,-0.05659886291009931,C
0.5888148500630466,-2.363196632721517,C
0.6301803525040314,-1.253908708192874,S
2.281809415657366,-1.2467919159548937,C
-1.1531130427982628,-1.087087633382171,S
0.7693157982206839,-1.2619282402242178,S
-0.14809988896034468,-1.3676881168373198,S
-2.515791062837255,0.10570025740937122,C
0.3894998373833236,2.230474861460458,C
-2.3865902558277488,0.7086121570362529,C
1.1688099563999523,2.2615369727438,C
-1.5562452896612935,2.1171345696998314,C
1.047228504162256,-1.2062721923536077,S
-1.3275610740950894,-2.1417459791788795,C
-0.9889447954967573,-1.0686461425092384,S
0.017061178628612055,-1.3869202318726856,S
-1.7534904434660685,1.7704272640242251,C
-2.108369000734356,1.5356171805410899,C
-2.3436767996168433,-0.8646947256300807,C
1.5008118604165575,-2.266667033291062,C
-0.6910506956252964,-1.1958382209210403,S
-1.211320363584384,-2.164767993088356,C
-0.4913526954104703,-1.3258548901972738,S
-2.6076413453295886,-0.16199938875337033,C
2.066845087070415,1.0733136592276733,C
1.4528827171105625,2.003018362765519,C
-0.4172714386146821,-1.537733581065121,S
-0.9804027321440119,1.0309655909928912,L
-2.003445716964531,1.6043344742370034,C
-2.474342806635035,0.7010033469535724,C
0.32551306487385606,-1.5371419141280995,S
0.46541033832869994,-1.168958894219058,S
-2.430388215498375,0.9674376873307016,C
-0.38093089274023517,2.538065946037504,C
0.2881458397416938,-2.4354830546977917,C
-2.331316688765155,0.7158073468415851,C
-0.6640400950614614,-1.4932777266359223,S
0.4424200652321016,-1.373671161479156,S
-2.089504156198143,1.4349091685809816,C
-1.2273243308668342,1.892154650044404,C
-2.6947088437330713,0.3264886120873585,C
-1.3746526803070247,-2.2744293603999957,C
1.9182465372538033,1.4384285723456387,C
0.36079476916930864,2.46562880603141,C
-1.4622299301720132,-2.072069271157553,C
2.4491969105053437,-0.6146652459927459,C
-1.6285465840536864,1.6652158779158912,C
-1.115383592980407,2.218550317775117,C
-0.9420487567823712,-2.3352951199253935,C
1.18737464965645,2.033330628359297,C
0.2941601794534561,-2.4590360164641223,C
0.11231802386243497,-1.5268473836591598,S
2.044648593325327,1.3478294952655006,C
0.4188999360240205,-1.4582673893471758,S
2.2909017559291533,1.0444368654976794,C
-0.3650991275629623,-1.374739224321699,S
-1.5789694821910707,2.053185261478513,C
0.5203333033783194,-1.5331599880949385,S
-2.2523048930312335,1.0124479473750787,C
-2.2920350590713827,-1.0610929187993388,C
-1.9731270098299913,-1.5212439502833832,C
-0.236536755052309,2.574270831048409,C
0.6998064128709874,-2.371615398539734,C
0.6695453585712331,-2.3441261603466486,C
-1.3011649995394456,-2.1644362352496875,C
0.9613170325120095,0.9920151604729283,R
-1.1285588574303702,2.2586627269323163,C
0.8921211821976777,-1.298430130461194,S
0.9315925271706347,-1.2349652048065232,S
-0.10630258400880176,-1.5444159796798025,S
1.6358614555021702,1.8359053590729886,C
0.9436051366803334,-1.2962904696623343,S
0.6924779603043892,2.451925962145531,C
1.0734361670172268,-2.0735762492641356,C
-1.0391161956857164,1.0431817256975218,L
-0.6068545070602244,2.4138809257751053,C
1.0397636908482206,0.9641703967484232,R
-1.196969484712344,-2.098669686346979,C
2.575009245989403,-0.30108366099139433,C
-0.033595639025070616,-1.4680303336476743,S
-0.3249494026337957,-1.3095489930485535,S
-2.311693817953898,0.8955057348405654,C
-2.5136877902813404,0.4899588184860418,C
1.811490397371193,-1.972554540759856,C
-0.9742492211775078,1.2732690741653534,L
-1.1281296808535797,1.0116285416661375,L
0.9013676549481074,-1.357651194604621,S
-2.111052568075113,-1.6853850061823927,C
0.18066818190797324,-1.4893476185658314,S
-1.1554244206171733,0.8607660055895673,L
0.7633606064456036,-1.3573727465781624,S
-1.8047748055550015,1.5637600980447233,C
1.004462969878995,0.9818416393670018,R
1.4370432671190374,2.139082450883945,C
1.819470987919473,1.6378798463728996,C
2.211311111131425,-1.230760744742134,C
1.0698297708421307,1.1356372563998454,R
-0.6196839796269523,-1.424154855101693,S
-1.7584148697359188,1.95181854950413,C
-0.5461296806386992,-1.3360722476745919,S
-1.3296714188306207,-2.188390170414375,C
2.4841682525056217,-0.020578526033326328,C
2.078356552836835,1.2826984695158465,C
0.842434360088512,-1.4152426182069353,S
0.06527653508305392,-1.5890350642976214,S
-1.468518658536506,-1.7240029104527843,C
1.0362897042609145,2.223480512237124,C
-0.6127333942705003,-1.2884729591754567,S
2.3646134159427667,0.9901650071011201,C
1.224899952455425,-2.277515283226012,C
-0.44141055624298847,2.3554181061386554,C
1.0988449321251863,0.9922921937934307,R
0.31601973339182343,-1.3215130430485653,S
-0.2902588369009016,-2.516782233344232,C
-0.9161280576611603,1.1430714145701697,L
-0.7019657852196171,-1.2071182863407015,S
-0.30038872707855474,-1.4433481982923337,S
-2.4996574526719098,-0.8802329832561175,C
-2.5657972910284053,0.16316263794582356,C
-0.8481308196251288,2.27357764980664,C
0.5306319060573621,-1.3911466282923408,S
-1.6956081740652607,1.8167425972269395,C
-0.7469623229523201,-2.405314109463564,C
0.7259916549248365,2.2324574660418475,C
0.9589629984403026,-1.3158939008557387,S
0.7198586587119377,-1.4017263449474635,S
0.14995484959559996,-1.5009220310191747,S
-0.7939581653495054,-1.323577969108212,S
-0.8578755791026044,-1.0608967699468521,S
0.9609640250730652,-1.1717793344894756,S
-0.8978599737652333,0.8399162635919755,L
1.0648052324071038,-1.0145155981941687,S
2.219681001786539,-1.5105770593540626,C
-2.282113450882512,-1.0029878976861646,C
-1.1278491928958383,2.079630144412124,C
-2.4279967516495784,0.8124098098684186,C
2.2374003797146944,-1.2934668549686446,C
2.5344593208962873,-0.06351775947607502,C
-2.417737264118125,-0.44215760896032447,C
1.7526870344468124,-1.9228764607132194,C
-0.2691444999365615,-1.4360438350546145,S
-0.95637375401411,0.9826505222969287,L
-2.022429464276384,1.5146276107530554,C
-0.030557072186071847,-2.318511155675041,C
-1.256428911356444,2.2948087861329243,C
-2.052973465315737,-1.6901290837995446,C
-0.08054482493781161,2.3709538559536965,C
1.867489513010892,-1.7261246588759158,C
0.1506796588098121,-2.5487255431225044,C
1.4827323537562525,1.8630442194393584,C
2.105727610022656,1.2987665200985117,C
1.535479752731944,1.965911385666901,C
-1.0282288744621686,-1.1161234419515407,S
2.394316654450451,0.3429960082830208,C
0.5356111702926022,-1.4213680137521323,S
-1.776095413108961,-1.4689242482288862,C
-0.8037183217521011,1.118450395210872,L
-0.7498670459774067,-1.146846209965161,S
-2.177914735412549,1.1694287926334581,C
1.700874873939562,-1.7554290408515616,C
0.9480546081506767,1.0043746281648243,R
2.1603902796565047,1.0399818189399124,C
-1.097957714205463,0.9452044227849431,L
2.282646091931105,1.1237281451656602,C
0.37103214990460825,-1.4010100880104779,S
-0.9551199949042907,0.9936020858269015,L
1.030004053123589,1.0392243754389237,R
1.5190088265976427,2.163849051974218,C
-0.969114218739408,0.9247211024764864,L
0.9626386902248812,1.0840128580208626,R
-0.5024682953209963,-1.547938787317031,S
2.1029594652371477,-1.6325885572639833,C
-1.0478533271828392,-2.3151744605032802,C
-0.5386912808862517,2.4587504463626284,C
0.5667265278052703,-1.3694811015435613,S
2.3705389483915775,-0.645951790483456,C
2.199488551045276,-1.2912878231153009,C
0.15937362880046071,-1.3953427188773069,S
-2.0167013623268795,1.231705674261429,C
1.080226936574513,-2.3226633075237184,C
-1.1856888849929963,-2.1210323300863316,C
1.088991548129538,-2.195460144618965,C
1.485178704438804,2.0425804465658532,C
-0.999227393289284,-1.1477633058549555,S
-1.405931074222458,2.246608881884911,C
-0.892469323087976,0.9867147839380271,L
-0.4208162367423635,2.568705056403844,C
0.9027276213840323,-0.9384871487353231,S
0.9931262921865617,1.1387443962211345,R
0.8354475547778909,1.19994516426424,R
1.4805445908657013,-2.0789785819051647,C
2.06135181699338,-1.4086692872524058,C
-1.2488001013492547,-2.0591770545327557,C
1.0498032476144374,0.9410404976112846,R
-1.9057608522858973,-1.7965621301387313,C
-0.9535487216404224,1.11071372197585,L
0.616598961105148,-1.3105362449942641,S
-1.1197535959626894,-0.997708561165957,S
2.206856214025069,1.3671901009563212,C
0.39152043812254567,-1.629815571737502,S
-0.020779661499825325,-1.5457557786436225,S
2.4283728579270805,0.3193431676011482,C
1.1981740864746204,2.122610016992407,C
0.9747441297045085,-2.289743154576415,C
-0.2510438712965324,-1.418197139514419,S
-0.17667083392127794,-1.4719418785843847,S
0.9636453958619081,0.989756159920266,R
-1.128477923813835,0.7802072020111842,L
-0.23447019129443145,-1.5305588752059902,S
-0.7871111346339414,-1.003711760509737,S
1.0821230454035142,-1.0810750867128647,S
1.821766703213115,1.6525569422004855,C
0.9904759398093622,-1.1715216743908234,S
-2.1500797164763052,-0.9436890142600904,C
-0.38368576801743814,-1.4666062872120957,S
1.6746955079535641,-1.8531833953761754,C
-0.38477754396944375,2.554266362793368,C
1.6614488888525085,-2.1181787657259927,C
-0.2808075468901469,2.750604398508778,C
0.6588560593743005,-1.241746663964879,S
-1.7549100740214887,1.7164908744402898,C
-1.2927353803661248,1.9244466666496007,C
1.3489988248485587,-2.179900922734925,C
0.8333188060371393,-1.3220275569601756,S
-0.6774425472537114,-1.3430660455123076,S
-1.1085369133054173,-0.8729423448998056,S
-2.0628351151708264,1.4468789538217675,C
2.340325987335349,-0.6260035486856498,C
-0.15304870442029372,2.523710516704747,C
0.3855512244138472,2.297800199320062,C
2.15468476190701,0.9906268158590659,C
0.47589701271625157,-1.5337010807085956,S
0.7264437702217655,-1.3996237620220886,S
-2.4968584963131466,-0.45337944729405877,C
-0.7593201627688934,-1.1202864281040599,S
-1.1146748202337131,0.9179109871645952,L
-2.5618644203171277,-0.8240337819072532,C
-0.9036236679034417,1.085048921097899,L
-0.4918504869537492,-1.3832592507156585,S
-1.2413830830784722,2.1481669149232063,C
2.5804943489531675,-0.2865297188035357,C
-2.1700760959901793,1.2781627900258887,C
-2.536445017055233,0.6673857279223505,C
-2.281743862901052,-0.9234303815170274,C
1.0024321674321621,0.9593328321798278,R
0.8952962294956797,2.4111037747779624,C
-0.27000571963562703,-2.4017845877933874,C
1.1802457670292326,-1.085740109913798,S
-0.996645441402176,-1.094543625435817,S
0.922592872836147,0.8757891305848553,R
-1.9143596097876319,1.404724292640443,C
-2.331276402632725,-0.001989385847638357,C
1.005101610896426,2.2538480473854765,C
0.9617088738574315,0.9113706608789833,R
1.0540735002483832,-1.1980047519717698,S
2.335326419526136,0.5130206041496643,C
1.0203401406634611,0.9317879338267084,R
-0.8585143356569813,0.8903786594431322,L
2.5019358525663016,0.24159921073567875,C
-0.5789614131051473,2.490203781488959,C
2.098703972076483,1.1646887828870809,C
2.486236166300038,0.3045714931506594,C
-0.758091736575118,-1.27046846177016,S
1.3917867901175942,-2.2557704840554953,C
-1.0333621251450582,-1.1511306131314636,S
-1.033862101561728,-2.2232852870862945,C
1.1770792298918646,0.9844047697479814,R
0.6044403544327059,-2.438292136070017,C
-0.9083429307253602,-1.2040359910624543,S
-0.21242382426503786,-2.631385156129517,C
2.5597148638697163,0.8306017137301709,C
1.871130133811312,1.7525285957639969,C
2.4571427627164604,1.0463393782030395,C
0.8086531661914038,-1.31120338308003,S
-2.4708506902674867,0.5657957066156916,C
-1.291651439326605,-1.9837356618540174,C
1.3980885634864937,-2.174702075644545,C
0.7763170100611473,-2.318233816705786,C
0.6601384413004822,-1.5453426311946639,S
-0.8165428040279726,-1.1603517950023163,S
-0.9225857032423235,0.8842576154989054,L
0.6986616057833055,2.5411433647070725,C
0.20566632575874097,-2.5301934463942963,C
-1.995061907790796,1.6262573730099772,C
1.8978050242585909,1.743112938752253,C
0.39484312626188023,2.3793962831231776,C
-2.567779726140477,-0.5153988285434316,C
-0.9522382488453879,-2.209544870150347,C
0.878883692214106,-2.3253305521443455,C
0.9711175820181371,1.0309178973508004,R
2.5368201002832587,-0.1370223025720692,C
-0.421099183711711,-2.3537338685716733,C
-2.0717490396773512,1.6465829394659106,C
1.0776894708368385,1.0396708989955392,R
0.6333722835780964,-1.426380341159862,S
-0.8685307403144547,-1.091212627546151,S
2.702983822901755,0.2699077817776502,C
2.268765956871922,1.6353385930627695,C
2.164662165667246,1.0651675751403624,C
-2.5022235320021093,0.055200089136080085,C
2.4296101767802574,0.135835782776938,C
1.0919183517683693,1.0435480015671983,R
-0.9697805007349064,1.0538865961059682,L
0.9975857256722221,1.021005739839743,R
1.1049031519794505,1.0781357640300933,R
0.12438563626544603,-1.5207597868862452,S
0.3672018866944976,-1.549634246855073,S
2.3232063717158575,-0.7326313704847753,C
-0.6790864736821418,2.5713390340317415,C
0.7547629977218487,-2.382087852608845,C
-0.004372960407380344,-1.4893469866108853,S
-2.1132192421904645,-1.4753379403679803,C
-1.0423271696586711,1.2032538818509488,L
-0.994632616453995,1.0859616472552118,L
-1.8214583370868271,1.8749950794680956,C
0.18996755368939816,2.5084315914054445,C
-0.7819121792051141,-1.0059783528602924,S
0.5981448502949333,-1.5010150217358806,S
-1.820313542658734,1.8982129775043213,C
0.09622614151212218,-1.4020280287952287,S
-2.4352763487186317,0.31182691318437855,C
-1.6660139329265247,-2.0309007543415545,C
-0.5629699162375291,-2.3210380997302464,C
2.309467645438191,0.7149680805027588,C
-2.437760677188767,0.4259675357433959,C
-0.45619543906855725,-1.3290185857352523,S
-0.9276809055612105,-1.2738356691470476,S
1.867320656840705,-1.6450848872460264,C
1.3414040613035987,-1.9716783699703733,C
-2.2131415474777083,1.5094065393502616,C
0.4515228705114561,2.2767543886710584,C
2.3656243193359283,0.9990260075975205,C
2.5016579808887744,-0.4999182192070943,C
-0.9826971745025695,0.9412729728589571,L
2.2949098477372294,-0.7398233477875199,C
0.4819784441314542,-1.4165649306629928,S
-0.9392913002390977,0.8604622067711721,L
-0.9481306108305758,0.9598622130488736,L
2.052965827689242,-1.5976025184735698,C
0.004571257846396983,-1.4127768415258988,S
0.5834479412195998,-1.3381180660650263,S
1.347225411382881,2.209797506363653,C
-2.4219240192155467,0.8844814288226368,C
-0.3908822376480853,2.5636890054295005,C
0.21691468340275932,-1.3065413553949388,S
-1.0531066020925854,-1.2714134790958453,S
-0.8675131721772702,2.418382454081772,C
2.0807593945298852,1.4677861420485288,C
-1.7348184909266517,2.004230823136597,C
-0.5561406617757485,-1.5566546794433267,S
-0.45621050272499336,2.5078790835337657,C
-1.9944938020023217,-1.4415583176324052,C
-0.16730523783881557,-2.4920718975852925,C
-0.39371775600327086,-1.364594828325226,S
1.10149051836453,1.0194992142022559,R
0.896081069687126,2.3382711025731897,C
-1.7818053521120067,-1.6647213574083435,C
-0.4403455530331453,-1.448935145675632,S
2.3323101309104666,-0.09247989502524467,C
-0.2617559988862602,2.568069078442603,C
1.6877308480593325,1.7653015475984588,C
1.8621664011005334,1.7870687431380765,C
-1.3291002532539586,-2.0369564517958128,C
-1.7024494561345862,-1.6651533529647349,C
-2.4859328332259545,-0.2560419884172369,C
0.10512086034028845,2.3448474678588167,C
-0.0373599747850936,-1.248407814103329,S
1.6720038824241563,1.7206904871510222,C
-0.0743703407729276,-1.4817830451519483,S
-0.5012371309018675,-1.6314535204253602,S
-0.7191527920935068,-1.3044294836101713,S
-1.2761341309528291,2.1678817817759826,C
0.9794311185706261,-2.2234294116941333,C
2.332426744902001,0.970047197269656,C
0.6866561952718532,-1.3274864007074691,S
-0.6620218247187474,-1.1822042456050728,S
-1.021409815014115,-1.0074655618879953,S
0.6205022197002742,2.2397794836457314,C
-0.9354512182774868,-1.0639501263898965,S
-0.8779644681501767,2.3185561742464325,C
-0.6206323446354828,-2.4221802479891954,C
-2.225659966438774,-1.262948251932072,C
1.326649310622544,1.8065128202652172,C
0.5007568786399053,2.510139398950906,C
-0.8210997028345242,-2.5700568196301803,C
-2.6499699199655207,0.3389454652353035,C
0.2970534310328693,2.502393580372043,C
0.8167456783966439,2.1580686363753783,C
-2.38639229492907,1.0140368585979753,C
2.1798203706536605,-1.3629006092760203,C
1.5881484558650567,-1.7829800098291009,C
-0.022553950927122063,-1.3926431190572033,S
-1.0052137220505035,0.9091080842293994,L
2.5485494371149766,0.7264783309726144,C
1.0288780790733132,-2.249967841711376,C
-1.3201085033851074,1.8719101825479474,C
1.8836328023117699,-1.5228792866539451,C
-1.1245287120877583,0.9284308441204312,L
2.0283540755319893,1.636151419378157,C
-0.48902516155858056,-1.4974972261419657,S
1.950408715933129,1.4472373573844408,C
0.22892021394086584,-1.4308805392409476,S
-2.3585502736960513,-1.221370579105439,C
1.900052531778215,1.7427515630480288,C
2.2557952778642067,0.6543433046314048,C
1.0857982913081368,2.2378475921358434,C
-2.4808587640898687,0.5782066858494627,C
0.7911917419278187,-2.277929240453497,C
2.191000930922853,-1.050161917898178,C
0.8357872798962334,-1.0589064289840542,S
-0.9786244316257501,0.9296627730566085,L
1.978488934933588,-1.2215657704592762,C
-0.1326586026239051,2.56538010559336,C
-2.451231790887357,0.2579782607562921,C
0.3159615241061918,-1.7112141388936593,S
-0.10034097934725023,-1.4479435527820113,S
1.5187979418221735,2.02352738043965,C
1.0540320520608475,-1.0492462900501496,S
-2.333169771410891,-1.0756444515148638,C
2.481836982956361,-0.13275234488826965,C
2.608694190007551,0.5700794235555064,C
0.1394903961471028,-2.4672194686417197,C
-1.0130220056391095,0.9245223276218065,L
0.571781706718036,2.361902893564728,C
2.08314592052681,-1.4939776203166832,C
-2.0610566903563114,1.2899982224482733,C
2.0029166891101,1.4970240814265765,C
2.328767429225751,1.1084082793099932,C
2.1935354980303643,1.3899013673849943,C
0.423792717697646,-2.4405009620184526,C
1.2839103230646347,-2.2798630393145314,C
1.7298796167529424,1.8502421745775155,C
-1.5486321561037613,2.096944418257801,C
-2.451648266466328,0.41995099618650816,C
-0.9701925525034207,0.9849279432111722,L
-0.015372478107854373,2.42798278196581,C
1.7413622621400047,1.6597737607867975,C
1.5829374713725302,1.876243843783137,C
2.304225334289202,-1.1256413602311364,C
1.1227393068887126,-2.4553012851785807,C
0.7917130579353326,-1.107598560918974,S
-1.1814773847737192,2.107090351661979,C
1.1122520205203352,1.0918837355780264,R
1.0932774390006965,2.2548784743287427,C
-0.8049997563466137,-1.2495464030689332,S
-2.26602407929706,0.8578504901628214,C
2.414971142326975,0.3426013962189215,C
0.9127511040504603,-1.2251654480204481,S
-0.8208782501631198,-1.0802717448764942,S
-2.0790340655178436,1.3814340479906826,C
-0.697200937199773,-1.3633991799939764,S
2.1389373398735123,1.1164710415980759,C
-2.3100360924250976,0.931452491304096,C
-0.9879640451333402,0.8874960998172599,L
-2.504658031303527,0.650981499573122,C
-0.7786945754534027,2.2785475550408045,C
-2.3264115867395008,-0.998123159357545,C
2.61212931785843,-0.8655603352365245,C
-1.0324431868126258,-1.1590776959020463,S
-1.0048838337085948,-1.298298595465986,S
0.10742325994690553,-2.444224811125697,C
0.9341603429389705,2.3389279001474503,C
-0.32984142569370417,-1.5069348385055374,S
-0.925585517812149,-1.374686117843021,S
-0.0345168529906781,-2.5306530652889414,C
0.31475785066379647,-1.4180800367912971,S
-0.3757622404280169,-1.5443898871298676,S
-2.5014066016002663,-0.6100600970925227,C
0.6386480691293273,-1.4303785066978847,S
-0.7066098635041307,-2.3838741499281855,C
-2.5132374667181256,0.34965390544830255,C
1.6907439372757351,1.8842268963815474,C
-1.7184386931768372,-2.191615783311806,C
2.241040954448533,-1.1806903838835958,C
-0.8834681745974594,-2.3465664251105967,C
0.8106754660647152,0.8703633335046761,R
0.5560127418686165,-1.3326895032304114,S
0.9130071376871041,1.0944818491145172,R
-1.3469788315891698,2.0544850292320707,C
-2.237250189555644,1.2308501624640633,C
1.4283093686446644,-2.0938105989778797,C
-0.890812976831284,2.383065212497547,C
-0.1714216438167894,-2.457049623084551,C
0.4432834177074758,-1.2911355077668387,S
0.1674240976651609,2.418033539789703,C
2.038458804013442,1.2960201431805427,C
-0.20498679143762844,-1.371489670290801,S
1.0600199111975408,1.2269647387765141,R
2.4300246503205822,-0.9075284967044794,C
-0.3475563950212594,-1.4054968785097715,S
-0.788340456351532,-1.1840905871938712,S
-1.233220097975796,2.097803986391672,C
1.7876642163071665,1.6904031514676605,C
-0.8584312921642455,-1.3066273833500621,S
-1.0492053458700832,0.9719876427801452,L
0.25299190078464123,2.5801656419289847,C
-2.4162991638016145,-0.44896803594515167,C
0.9272287804531064,0.9013350163036071,R
-1.4663242933038314,1.8560600865006338,C
0.8448830814355347,-2.350968132037567,C
-1.0357538437816793,0.9957045139620185,L
2.0776287764541195,1.4266594481199646,C
-1.1035806362179112,1.0103401770628413,L
-0.7456963510452296,-1.474632955540181,S
0.6390839854300046,-1.183414451287445,S
-2.53106852431311,0.08842301211511308,C
2.1726899197732896,-1.0994816609068907,C
1.017726121609085,0.9602710677767361,R
-0.23903899937330816,-2.449451856121982,C
0.9130195103094791,0.8932493435388553,R
0.22379573814734627,2.5760480914147377,C
-0.8861426310657939,2.3468707247744223,C
-1.817049100041739,1.8221173775431845,C
-2.24522659510365,-0.8828989469725146,C
-0.1493279266667922,2.5113446133254596,C
-0.5633291735701328,-1.4563177419443665,S
1.9018548618305886,1.7693012371079853,C
-2.411583082008536,-0.7087618775304995,C
-1.4016759180984737,-1.8375869723967397,C
1.6507485302783111,1.8776625783805476,C
1.9672675856972939,0.799485758706149,C
2.459907426360949,0.0019834933904552287,C
2.202821325897918,-0.9515243958984689,C
-0.21568377532602964,-2.5618345037555827,C
-0.5058740592995687,2.479126593920096,C
-0.4414970139883857,-2.720062310005007,C
-1.7128782592965905,1.6855320874524315,C
2.5321680570667597,0.2146887354787085,C
0.9374092773908302,0.8326289834916776,R
-2.4333586948351,0.4904285613227089,C
0.6834437437220633,-1.310333495254678,S
0.1750006186868025,-1.6607734678839494,S
0.47295679382533873,-1.347481193148103,S
-1.3268208022863694,-1.9712679691148447,C
1.2090661109063028,-2.226578562817447,C
2.15640341401143,-0.8019364917631083,C
0.11348615467080543,-1.7077108283064577,S
-0.4157250813478859,-1.440360459135766,S
-0.4085478524426887,-1.4904648207430624,S
-0.06200461265901633,-1.5864387272344562,S
0.9826225680916569,1.058913878975701,R
1.9411373562987857,1.7585650309918668,C
0.1540372799479675,2.4447623068435576,C
2.295577336944855,1.1156996377930404,C
-1.768215502395378,-1.7877660714176062,C
-0.8246707009430277,-1.0445782003546247,S
-0.8863069431275383,0.9310174714949276,L
-2.5618506520843036,-0.4907757520469388,C
-1.7724419360375914,-1.9078018299244657,C
1.8354421303222581,1.4405966513682886,C
0.28650157239695107,-1.6886353011193729,S
1.4437665601340104,1.9222939148013016,C
-1.0981104558327452,0.9279583184822648,L
-1.1036654152652206,0.9120849461116258,L
0.9981204088124056,1.2051844492837156,R
-1.2720075267675508,-2.2486697682940497,C
2.526142505067958,-0.26696851683599376,C
0.7981685892731851,0.8971133935412625,R
0.31513280322042253,-1.5269438995019649,S
1.4854904856061206,-2.04772543913437,C
0.07857912256429433,-1.4851352437405565,S
-2.1421281096848275,-0.911603442064914,C
-0.07843535468788423,-1.4057159301950801,S
-2.3229782987916705,0.4884410575866965,C
-2.2460451977155955,-1.0141591411812516,C
-0.800393533709255,-1.360363565322352,S
-1.0524314433805335,-2.091129224930183,C
-2.508228295027802,-0.8924299950533862,C
0.3217214751997501,-2.4634424249200735,C
0.854948817972661,2.425813296512549,C
-0.5222214725373707,-1.4415776024043514,S
0.2752062007687203,-2.3951836720010196,C
0.26734261200141374,-2.3249182899264977,C
-1.862319145807588,-1.5856842669591107,C
-1.5759009902816636,-2.029212030933129,C
1.6112263069760162,1.9140137792917933,C
0.8408391462686243,-2.3155358567531783,C
-0.21882086477629276,-1.5729942833722963,S
1.1992183339527358,-1.0965130967533128,S
-2.6549532658947212,-0.09665095691149267,C
-2.174694327944313,-1.3156596016633777,C
-1.0501453720383649,0.9635376959619069,L
-0.7083799197326368,2.438600226678505,C
1.0862484598060578,1.136650433775006,R
-1.6980917724256108,1.8272068640527297,C
-0.5674641083904659,-1.286974632123135,S
0.07481066836944632,-1.3682573217397898,S
2.2314144200829227,1.0850466584547063,C
0.015089844665613611,-1.523963871591615,S
2.5704014508729456,-0.2031642450691061,C
-0.9280511471694992,0.8792902731979961,L
0.07635278971175075,-1.4752642762916555,S
-1.8107538444555313,-1.5264816151192377,C
-0.8094390278960756,1.0287323413296694,L
2.6193497338228036,0.24762378916519714,C
-0.631160715764139,2.547983853200794,C
1.491622995379039,-1.9435520675246707,C
0.39398892229927307,-1.3725447851324457,S
-1.7967040494574895,1.6671646924231858,C
2.0201446401064524,1.350986529954449,C
-1.171043099083695,1.1789704031596464,L
-0.9030442998464867,-1.1797437408101947,S
2.0642325787921125,-1.492464259749887,C
2.4301013589927845,-0.9092697490288273,C
0.2314456489980116,-2.3394306485478205,C
2.444132225074199,-0.2613769733887532,C
1.0084310097473697,2.358387249211356,C
-1.4442276437728083,2.2315522246717174,C
-0.6261332414489188,-1.1351067032997864,S
2.427973497438466,0.6791168232908175,C
-1.051297750121369,2.2134926313927075,C
-2.4936270738244986,0.2602837279402579,C
-0.21448623837722933,-2.3570689018342046,C
-1.487211096700161,2.0272812912070464,C
0.47229768610234824,-1.4761303677787976,S
0.9921512790235776,-2.2570985358549387,C
2.3256495540288693,0.6656469746318872,C
1.592305530519269,2.1223745550872484,C
-1.042532690055091,1.0417175479487986,L
0.5769738877622616,-2.4772697721957213,C
-2.4020599007978176,0.3260403979980832,C
-2.363016920098111,0.49344226684680653,C
0.9742525842046743,1.0268922773758429,R
-0.2873595072100801,2.484406873114637,C
0.9319288946405503,-2.411211461596172,C
0.027959671197051384,-1.4154423632115636,S
-2.420600965896837,0.58047878868729,C
2.298606711028447,-0.6603531931442613,C
0.9559324258107138,0.9120160641711764,R
-0.463821752087243,-1.5575697773518085,S
-1.691780221643783,1.8172782485281826,C
0.1202802928727087,-1.218226747940058,S
0.4246145372000939,2.52710116872173,C
-0.8742581691720862,0.9254778007599156,L
1.7924070026557235,1.9302125775218246,C
-0.22617669181549604,2.5717705301634246,C
-2.2542322312802034,-1.01173943933818,C
-2.30939918889762,1.2257762441694482,C
0.9621265902056374,-1.262738248764699,S
-0.7111682531814957,2.2223353630813962,C
-0.2536694191834448,2.493370221596873,C
2.4937310315983874,0.13591301007172296,C
1.21708458412916,1.1502026201685593,R
-0.4122243644345073,-2.5507226159706375,C
0.5806032552309351,-2.420471941499954,C
2.2053127941640804,-1.0510311316432834,C
-1.6563852407847626,1.916356902619934,C
0.09733539747198544,2.893113359035318,C
-0.17241054567538397,-1.5340696563755747,S
0.7714337176528658,2.275336157170129,C
0.14112208309628732,-1.4116108663118214,S
-0.09086467041420437,-1.5740351979286424,S
2.352297643171409,-0.9370001609420776,C
-1.4039582457815167,2.01264938192128,C
-2.5270103513171307,0.00806640317468308,C
-0.7548579427401251,-1.302587129171878,S
-2.584483867397277,0.12374705984388641,C
-0.5700468016544249,-2.2532395634999887,C
-1.0159347410263149,2.397274681521551,C
-2.3614436008141566,-0.6562163469058024,C
2.0317475687145827,1.4676140513166962,C
1.9469653168543002,-1.5434162714208013,C
-0.7718169811099568,-2.3421441206231313,C
-1.29182957484969,-2.1205347595762767,C
-1.0895175398820227,-2.240098946265699,C
-2.3053307442725797,0.9477562062836263,C
-2.4114337477729775,-0.6030970140578263,C
2.4443942847174007,-0.6519343502744815,C
-2.559939576210772,0.12665231732881677,C
0.2517554582598008,-2.667704094365507,C
-2.380391787101231,-0.7971893995830808,C
-2.013526323326278,1.338916254530633,C
1.0831564212882085,-2.231349626007057,C
2.4166240863378845,-0.655166903124365,C
0.1462857207469876,-1.573575755076873,S
-0.18446777169594783,-1.5346201170841505,S
1.200100811903973,2.1383532878681497,C
-1.8797010721510123,-1.5295981406925343,C
-1.130374253286816,-1.3982198861482962,S
1.3432437520514173,2.191849920880757,C
2.2309245433851554,1.0926262589995779,C
-1.3328602578393638,1.9456338962837825,C
2.2213141188183556,1.097908932791572,C
-0.3989139095607623,-1.2737778873900978,S
0.9467710417693164,-0.9223992175014886,S
-1.7640885106401607,1.8595909809410467,C
-1.7095143460055822,-1.8423988378947953,C
-0.9588147616969264,0.9017951026529505,L
-2.1673504022099115,-1.1056196242770746,C
2.261562558499705,-1.2660726974991687,C
-2.101218664879471,-1.5244754820107258,C
-1.888294249209075,1.4729833660745615,C
-1.2448433490685087,-2.335291386142593,C
2.420678725686153,-0.2971158476012673,C
-0.9517836532551005,-2.480965811844202,C
-0.45274323317195625,2.6029895542226678,C
-0.8404507129839692,-1.2594735323660575,S
1.090905699256445,0.9540002196794666,R
1.5583533065129347,1.7136984967073166,C
-0.9448782633485894,0.9829063343688467,L
1.1054856905845944,1.0295546622389569,R
1.1753554112687103,0.9355272734598182,R
-1.8525444595968508,-1.5989577303565146,C
-1.0782593584233457,-2.4166941599283738,C
0.12284487053770278,-2.6361948460196145,C
-0.4565612924392576,2.4363537828817963,C
2.507343197142164,0.7726142638739975,C
-2.5406723538460825,-0.7629159359827525,C
-0.13416684948751245,-2.3960954744515877,C
0.45014607090468833,-1.3444670390876894,S
-2.365945491633921,0.9227373157015247,C
2.0134575692790317,1.5030228052836283,C
1.4456633676338668,2.081735978607151,C
-2.346849404054465,0.37376049643997944,C
-0.18921468294500576,-1.5940645007026069,S
1.1709688206508766,2.2585753344967965,C
-2.0898650650589325,1.3799978663703831,C
-2.3285357333464796,-0.03394079402945615,C
1.5433466834058982,2.0990397662561553,C
0.32288173187110303,-2.3022960891145323,C
-0.6169616545424798,-2.3433457163345093,C
1.797926975063008,1.5595536874964917,C
-0.609606430434811,-1.4408865411374898,S
-0.7042648076136814,-1.2193745171606596,S
-2.4488820588405917,0.34804211809947094,C
-0.6553625473294946,2.4608680200621347,C
0.5960394498375002,2.5390683556356213,C
1.1558555382255722,2.171714100969089,C
-0.770180345169674,-1.2989284488413153,S
-2.3516787241211485,0.6838665195883548,C
0.24075286147412872,2.4435302404475037,C
2.0917929265935915,-1.431238634964417,C
-0.9468400707689328,1.0944690249970344,L
-2.5802354501276956,-0.0069615371946634835,C
-1.257381042160406,-2.2481929073777684,C
-2.359786537041136,0.06241925235663837,C
-2.1959375191381607,1.0421280942190878,C
-0.42321546780818153,-1.4448346060803843,S
2.009181927967049,-1.1171268041443432,C
-1.9631404857267098,1.1319009215552547,C
-2.4889406977621436,0.16500932388962505,C
0.7114216702368126,2.441936666840311,C
-1.2342026991581474,-2.199983599858535,C
-0.001999973093713868,-1.594542651818948,S
-1.9166681318430887,-1.5141992957663792,C
2.4429265198876995,-0.8457184338838519,C
0.18075037221185078,2.441514679974618,C
-2.2224191449205137,1.189935839251061,C
2.5293662408225863,-0.4168083764743983,C
0.9370112437425567,-0.9999264776171236,S
-2.451199517378948,-0.6558250431742458,C
-2.3997657226145486,0.3487249198639842,C
2.3528103654118913,-0.6482867530450601,C
2.573701351758262,-0.47344417717012627,C
2.2296902617921077,0.7781556263593078,C
-0.8414017142680063,-2.4745498723741037,C
-2.4578398290100734,0.3415069179731727,C
-1.286302835921305,-2.239144487436957,C
0.741408718767197,2.3332406782647506,C
-0.024412324930150046,2.57908776285997,C
0.29249174673255757,2.4988973058248067,C
-1.0077360483633644,1.0330988605278653,L
0.9392211872504366,-0.9447682381459075,S
-0.26924204262860313,2.5000793386531113,C
-1.4374881081836857,-2.125384225226772,C
-1.023755124925847,1.0117090016809016,L
-0.909795503933946,0.9599160728725539,L
0.6398493695942549,-1.3251801164262005,S
2.459299418407738,0.9203988675885515,C
-2.5506170325484607,0.17087195041540673,C
0.7292839162506733,-1.240721346598128,S
2.1102949200703724,-1.216650308216104,C
-2.4266752534102967,0.7984772501584011,C
1.6528988809191167,-1.846272338393315,C
-2.2626283228557518,-0.8252712369569477,C
0.5296855265401627,-2.343259664052953,C
-0.9375742306853829,-1.0585659895598274,S
1.0982728409073663,-1.1386980356968457,S
0.2055051956123441,-1.6282335260882503,S
-0.9421558771207665,-1.1294977008367242,S
2.5506323684070464,-0.2313316896004911,C
-1.8908456430578016,-1.698850017567107,C
2.448079941007903,-0.09391044299492883,C
-0.5619906884217896,-1.517692021282159,S
1.9183687820009123,1.6955004404130138,C
0.966181539460118,2.3817806543379243,C
2.5661284847139303,0.10414544831854446,C
-0.6081953254756791,-1.1845903641130824,S
0.6309792687255571,-1.408615556919063,S
-0.9789555638158813,-1.1049953850238359,S
-0.891599787689263,-1.2642298996516992,S
-0.031379238857488036,-1.375610300897679,S
2.085938590271386,-1.4469267041297362,C
-2.3628649817205787,1.234605811819141,C
0.9580968622922649,-1.1282555084420325,S
0.8154660050580416,-1.118325650941998,S
2.2523989453815516,-0.8643909122035587,C
0.3302153519584663,-1.503917734663953,S
-2.512220889139527,0.42931791506364375,C
-2.174576117915849,1.1080940174351193,C
1.1731389052018533,-2.2305124455154157,C
0.09971313689247818,-1.5259310433714175,S
0.05197326596872291,2.6809490247311403,C
2.1593420292047942,1.1463875215666481,C
1.7914580669895075,2.038683110058071,C
2.0877008309575755,-1.4318617225916876,C
-2.730973216511084,0.44918130129545547,C
-1.0421716343764764,1.073282114957832,L
-0.6888726752711063,-1.363438200881927,S
-1.9205229504745465,1.64379136291206,C
-0.7650942665205183,-1.335282224351017,S
-0.07099428685182421,-2.459200588417962,C
-1.9992636353420985,-1.4690316693808387,C
0.9984500501302586,1.1868932434441353,R
2.1578862632953566,1.4587780978229468,C
-0.24511714620618577,-1.2878566452631888,S
0.9479721434893345,0.8808988356607388,R
0.8126113637036544,-0.9444965478616718,S
2.476358643273673,-0.44944673754694875,C
-2.0965530681731175,1.1382258004812615,C
2.5868253621005985,0.4844843127789971,C
-0.730624327705858,-1.233934740548133,S
1.264825124734162,2.181179169901259,C
-1.9006623828031206,1.6957765886466627,C
1.7541062501065807,1.9080980160519994,C
-2.4050285070929998,-0.023046511062683437,C
0.6975749667449356,-1.354983693556973,S
-0.7554365010592096,-1.2444939605185856,S
-0.5693920604875445,-1.4481421956320562,S
0.8837449078288214,-1.172842122326477,S
-0.7999657192214827,0.8711628535821506,L
0.12895475546572055,-2.425061579354769,C
-1.500709847040762,2.110411505570704,C
1.657690410551765,-1.8057794208800575,C
-0.34018104608834354,-1.2636443368956927,S
1.2471376477505078,-2.1364723823756946,C
-1.0653767355136403,-1.3631239382014315,S
-0.9646443210866302,1.039854678447418,L
0.7262104058486019,-2.4628605062576985,C
0.2946954065628796,-1.360701727254245,S
-0.5062494196443278,-2.31533842149295,C
-1.8377390133770748,1.6046913509830072,C
1.0751621293136617,0.9374016930276056,R
-2.051761790695137,-1.639636318152378,C
-0.795230088217984,2.4987759353105137,C
2.556810900726131,-0.6825910671548154,C
-2.2621016399898077,1.082659381384354,C
-0.7509955399996568,-1.5044628242039593,S
-2.3983835027252214,0.42971446009101455,C
1.5095294833338238,-2.063822456594393,C
1.4196428363980031,-2.0244804669840826,C
-2.055006608624901,1.2331034684180997,C
1.177558485378191,2.230431441786349,C
0.6009246485091505,2.4665144202621234,C
-0.9451689494440821,-1.124261790093205,S
0.540403223814633,-1.529212600455231,S
-2.3535415114963874,-0.859625495267379,C
2.01972365709165,-1.3894820079284542,C
2.279688597880672,-0.8573388422851624,C
1.144429894065719,1.015390092227772,R
0.7675512182724992,-2.3545202066702244,C
1.8133505865198767,-1.7593682470842664,C
-0.8478577870983861,-2.304185835519531,C
-1.0197033354568223,1.16074416903487,L
1.0323424129674754,-2.214189899534113,C
0.021993850635863246,-1.4790308640016219,S
-0.9309066651129733,2.3768178220493947,C
-0.000524461274762528,-1.5701371138004434,S
0.8926808925236003,0.9825490076107681,R
-0.49836301355913476,-1.3860034219971051,S
-2.392102264030414,-0.7332196176236566,C
-0.8857197413913251,-1.1947708531741668,S
1.257215451031842,-2.184226898270378,C
-0.656491413784417,2.67935377013991,C
0.9349029427012031,0.9417331091640804,R
-1.1986082903892532,-2.214189001627643,C
-0.30535323236734024,2.4349602210888737,C
-1.0004475788762237,1.001688088235601,L
1.0446656282427016,0.849938393061753,R
0.387340674911958,-1.5281187901750795,S
-0.5241271898270986,-1.322306373271238,S
1.2155022971664946,-2.237060874279264,C
2.6187012514485897,0.4886364830919524,C
-2.4299932282077785,0.007448628081926376,C
-1.192202984946092,-2.080462649655171,C
0.9174071517120841,-1.211256575680109,S
-1.1549321554915104,2.304023833550701,C
-0.8204153296176679,-1.2208822806835717,S
-0.7803640268393128,-1.2318469957445628,S
1.7492703497382571,-1.8277898294097112,C
0.792732491801064,-1.311914723252751,S
1.258277199107862,-2.085904970457991,C
-2.4292169796916,0.5324947485057137,C
-0.7577822118347636,-1.3005787225062588,S
1.015481091960712,-1.005342950045269,S
0.5668580309954643,2.54009310706906,C
1.2493502687380007,1.0585766304307398,R
-0.5330090613183077,-1.549172980251308,S
-0.6146886491855408,2.3214120675535197,C
-1.074704249179871,0.9039022748596777,L
-0.9609943337607548,0.7241505870116802,L
1.5388704188657403,2.12338914375813,C
1.1265861672898407,1.1461774785519838,R
-1.6704878119598094,-1.7620468459891776,C
2.1766274192278767,1.5213613062202291,C
-2.2203521576499887,-1.005823083400384,C
1.001543177428256,0.9912129905402441,R
-0.20298486574754906,-2.6242849133037627,C
2.5197518619329347,0.3692399134978485,C
-2.378071281333121,0.2574615264961116,C
0.9286884157910389,0.7867819750377931,R
-0.6224555182059953,-2.459638610801034,C
-0.2387077861251055,-1.4876219195509954,S
-1.8921117027544003,1.5029699202753335,C
0.9373704094595855,0.9678967622607685,R
2.460875610583086,-0.5610145873237036,C
-1.992200131022262,1.3597225978396132,C
0.9402293581840399,-1.1643192660110742,S
0.125443089838316,-1.4328356525494998,S
-0.4378667318640478,2.528819060608145,C
-0.41393734468757143,-1.438008445625724,S
-0.3733211638932497,-1.4808087772726433,S
-1.2056888906865564,2.24508115444634,C
-0.9291059800480268,-1.1733684761150718,S
-0.7005199816240649,2.4186267249966704,C
0.9916625246977137,-0.896949772244954,S
0.5343236834333716,-1.4889738757350572,S
2.267880854698683,-1.2951591889148524,C
-0.08824917973097521,-2.484125060465198,C
1.0657347991360555,1.107246046307882,R
2.107380722869974,-1.436709421627321,C
-1.448370771174922,1.9764859437630016,C
-1.145825662750133,0.8931237353933036,L
2.3670119674239976,-1.036672625691871,C
0.3258447620308829,2.642253850788638,C
-0.44973425558823404,-1.3363451261894863,S
-2.161105006119181,-1.252053912952257,C
-0.3868606324000812,-1.491503371684365,S
0.7161526827494225,-1.3219181273963232,S
0.11176150895148278,2.554744398928854,C
0.973326942036823,2.2018236780387155,C
-1.3955858506789418,1.8561407635562326,C
-1.0583950351552294,2.164205580195706,C
0.9618900772445274,1.0457519163328188,R
0.16204168542671907,-1.411225184022922,S
-2.3685178968044913,-0.7516123279206016,C
0.6625541753974625,-1.2215835365309513,S
0.9956033503800513,0.944099508169915,R
-2.5587992521376166,0.53158833977426,C
2.574439342208297,-0.6572822189277101,C
1.1212243500077992,-1.3930502095132482,S
-0.7313375779726868,-1.29869462619384,S
2.516684592109841,-0.1360416740859972,C
-0.39636040436431014,-1.5573998221840244,S
-1.0596945627352492,0.8559499741898642,L
0.7543074075464073,2.377505634389861,C
-1.4654111735532367,2.0944350032452634,C
0.23941171796314456,-1.4707519170885537,S
0.9248368566715374,-1.302551893623775,S
1.5054076981604378,-1.8447881828649153,C
1.0888756398034307,2.3513507668946727,C
-0.15563312585793923,-1.4371130175052602,S
1.37936634885602,-2.247712318323018,C
1.5122699893086564,1.8056001638267105,C
-1.0693074795976245,1.039208828216415,L
-0.4485414838840499,-1.4463154886571383,S
0.951333563298674,1.1402117870617738,R
-0.6183905412976992,-1.3118953220001988,S
-0.9573802206972538,1.0243134482333887,L
-1.823066889577763,-1.4085063281821555,C
-1.842546441340646,-1.497783821542748,C
2.221857678114693,1.0625607097013183,C
0.27486182128335224,-1.364521169606495,S
-0.7321745639875666,-1.0679723224699955,S
1.8996738633689316,-1.5024586800061195,C
2.1834317523619053,-1.2273569185414237,C
1.3542869236200679,2.0910870515736066,C
2.2496924256863675,-0.8761219446179773,C
2.269373899246135,1.3007439060957535,C
-0.45185275122961255,-1.2786495537285498,S
1.911491702855066,-1.7857794972911767,C
-0.32520682990071553,2.359331704384148,C
-1.563832639949609,-1.9113030620870934,C
-1.028110859067865,0.7933266835821082,L
-2.4339116261092757,0.7495586478468065,C
0.9523945928713763,1.207074163776594,R
2.3371144938646045,-0.1301119917330117,C
1.7113232991205487,1.7826091627361005,C
0.10935382382163947,-2.510006184743858,C
2.542385639965281,-0.370616520051565,C
0.8152038565870224,2.290338051191595,C
-1.0668953371794025,2.454497771810786,C
0.6171556370965056,2.5506749113477722,C
2.1415924643739332,1.1385181006241845,C
-1.004798916913603,0.9729193560886763,L
-0.5021473492665299,2.4720882552337033,C
2.487006872255988,-0.6377229983252437,C
-0.2212814116878835,-1.5116796282405716,S
-2.1953270038316375,1.4351350470662045,C
0.22309293536675787,-2.600643461254427,C
1.7107924247675168,-2.067233975684785,C
-0.21732134999849406,-1.3972138492793253,S
-1.1965620668676107,1.1280398582894011,L
-2.016766075373279,1.5970166311674692,C
-1.4723505425667542,2.1305175103775356,C
1.1339693708160306,1.0717534733615623,R
-0.5128786992051703,-1.5099319670024043,S
1.1164329316350217,1.139648565313772,R
-2.074022910910545,1.6020958883476235,C
0.256526177929644,-1.5145809882836418,S
-1.0209826670577797,2.5057402812084746,C
-1.533744588026809,-1.7237364377972437,C
-2.1193337879007204,-1.2911136243428434,C
-1.6048812017391287,-1.5145346644080915,C
-0.6398878618745671,2.4686305759105016,C
-1.3726947347560259,2.2729054105669375,C
0.9839050822121916,0.9204014118870754,R
0.8762939584551991,0.9313545911875996,R
-0.8428418067615214,0.9064394761086947,L
0.1495697034452375,-1.5741017756368219,S
-2.3075110586078385,-1.1021981851300229,C
-0.300458148496141,2.426694568512391,C
-1.452503072851434,-2.054930801075531,C
-2.6516382147893287,0.21512655579475026,C
-1.021257872369944,-1.1723005826008996,S
-0.9509254651861454,1.1857429974503315,L
-0.9514888379446401,2.3701440245930154,C
-0.8851897089127992,-2.361725026018652,C
0.9789973253528411,0.9397734187657162,R
-2.4482119668698394,-0.5663309096496713,C
-0.6512464057209082,-1.1703814443887675,S
-0.23122917777361957,-1.6271957424164798,S
-2.3831424134131507,0.590865374190269,C
-0.12488138385430948,-1.3993386926353677,S
0.9212458171998809,-1.1878732936423697,S
1.4909861635627966,2.010454322153302,C
-0.5050257709865563,-1.3898712421004085,S
-1.147647213906907,0.9185829932586841,L
-0.5022153403534771,-1.4222803222256684,S
0.8633395522827622,2.3782491866957733,C
2.071612973831076,-1.2949063751903365,C
-1.861219767949899,1.6393403918683376,C
-0.1071158405632966,-2.414665218787302,C
1.066713980355381,0.8661597834453694,R
2.525432766116165,-0.3528003175641365,C
0.907285867141235,-2.5337469254813394,C
-1.0999813409426804,2.041450507084016,C
0.3335912688962123,-1.4173034813565113,S
-0.7949489460783874,-1.0283412729044668,S
0.6140640235822687,2.4145443301704264,C
-1.8155602751790996,1.7395575964984977,C
2.376287335322192,0.7078536721077342,C
-0.7501373365694145,2.413232923741511,C
2.720465452383105,-0.41721169356021703,C
-0.8141354557842168,-1.115704160527986,S
-1.6224315880615787,1.8392638303913074,C
2.2931137126812926,-0.7222251160556076,C
-2.1569997721019125,1.3715092342881219,C
-2.3528053731783225,0.055801326866127696,C
-0.8019915807476872,2.3533180961820115,C
0.6023029326594092,2.2749451946817554,C
-0.7068085205476181,-1.323436951824282,S
0.7987961529565825,-2.3671323965108235,C
-0.2893294224760601,-2.551787684815665,C
0.7272825230992755,-1.3529657904057175,S
-0.06789250611062425,-1.5900420326096842,S
1.48304067151211,-2.046488770503186,C
-0.7352531340513985,2.4989270614563135,C
-1.1085980647226026,-2.0278004514475034,C
-0.3308820547060031,-1.4128607195316174,S
-1.071330653489969,2.3506512795579133,C
-1.2191025379727303,-1.2323437769956762,S
-1.0825957566176414,-2.273222565118226,C
-1.0473370536935718,0.9097928165400192,L
-1.8000424060615152,1.6236906866712018,C
0.04490877852580588,-2.4985118701792635,C
-0.4010077511351271,-2.3416899827159683,C
-1.961780245394446,-1.4191492854068766,C
0.4673064540430874,-1.3663389522698233,S
1.9376894953452477,1.787676947019153,C
1.1106639202830362,2.1610570696761524,C
1.2655046887851982,2.1847445856305914,C
0.6217400362240567,2.44507607218037,C
-0.5330803353469236,-1.2904665553939951,S
0.727823259649673,-1.3193282734173137,S
0.32844036217400424,2.483285772413863,C
-0.7825055665972511,-1.1857500666350034,S
-0.8583165453904907,0.9716411404042741,L
-1.1785555448386085,-0.999184932170236,S
-2.2168809233513307,1.2542504808007084,C
2.3660529446766496,1.278133274956547,C
0.11751308102667912,2.4917202030689536,C
-0.009064748714572605,-1.3677091588437302,S
1.0413968304949897,1.2254120091292124,R
1.3096993858303718,1.191838585063989,R
-1.4876495534820635,-1.8641222120177834,C
2.3039775768531907,0.8400465921585405,C
2.492027529170202,0.3313539805230049,C
-0.8528273173772601,-1.274639628782951,S
-1.1153079754230093,0.9137178299015897,L
-0.06328473824983895,2.5642757239513836,C
2.4654026136593696,0.6974010080185737,C
1.0473732533838076,-2.2475528418056165,C
-1.046225018987479,0.8732061244311576,L
0.587108117737117,-1.5094905488623838,S
-0.00411137630009914,-1.5005600341598522,S
0.7036351513678456,2.3571427487108565,C
-2.223515908797336,1.1610478366761612,C
0.8363355721032285,-2.3746498120773114,C
1.8950325259480139,1.7104227651000634,C
0.7936597228084878,-1.34573880379734,S
2.2128822678219806,-0.7901061236015073,C
-1.0300121904540471,0.9247243547783265,L
0.09272351765848967,-1.5928394617413055,S
0.29042220661361406,-1.5217645572331986,S
-0.8466807349978464,0.9744747301451641,L
-0.3146944835341778,-2.692535932961339,C
0.7832703902408255,-1.1020549184951478,S
1.0088893594304893,1.1036349979693507,R
-0.13405759913473822,-2.3930664803259925,C
-1.2280971372930691,-2.043633461989025,C
0.8246102400259318,-1.3884438703018986,S
2.111463665752159,-1.1862258227872953,C
-1.3524563141795571,2.064635799358686,C
2.4284598092600294,0.7925489413455975,C
0.48889317090075524,-1.4235066952265136,S
-2.4014498148973313,0.38780313048626186,C
-0.42861236087140003,-1.5189412135260956,S
1.2894633282513328,-0.9162911202512048,S
1.0618607626810208,0.9620445472877778,R
-0.3181408149726734,-2.577014167756656,C
-2.2821856542966272,-1.2620678002497445,C
0.8262980139009516,-1.1712880232006417,S
-0.7350616941548413,-2.378250260036201,C
-1.024086202707874,-2.4308210952157694,C
0.007121110903698054,-1.6563465873661627,S
-0.896654474120963,2.4329489812453278,C
1.825087433081556,1.9450522156091012,C
-0.13666433695132355,-2.415350080985677,C
2.1393366964363425,1.3684387420572428,C
0.35450131052246087,-1.4057868028418254,S
1.3873637622263228,-2.404462267661597,C
-0.7973388835906633,2.3450204352805146,C
1.1913370231492055,-1.995072745326595,C
-0.7719707532995341,-1.4407646092207524,S
-2.5045903097179685,-0.44248151809189745,C
-0.6245715313794121,-2.4322740798143285,C
0.17569057311676095,-1.5951616040318881,S
-2.1922114383676985,1.3000576608980012,C
-0.12750298108144875,-1.6856282894178516,S
-1.598441017124066,1.683404255561481,C
-0.9994373353065686,0.8479746784360352,L
-1.2762589959942343,-2.137733644400595,C
-1.453525986849766,-1.8411397650566703,C
1.80715864909579,-1.7822079340483168,C
-2.4482292044195324,-0.625030167040243,C
-0.48616009855397496,-1.3640739197715674,S
-0.38279044012567864,-1.3554202454658433,S
-0.8491690992281529,-1.1404661373450222,S
0.8943346796016944,-1.3266073919601475,S
-0.2902015764413176,-1.643132941772097,S
-2.4646757627253812,-0.6159269511232206,C
-0.7470734968396296,2.371478443192021,C
0.811108295602052,1.0437532784586758,R
-0.8943138719070889,1.006083531651746,L
-0.47648200613894376,2.4783891704170142,C
1.9522633941794716,-1.2502317592362302,C
-0.9634551941982175,0.8927262012289033,L
1.3500156476722363,-2.013783008667546,C
2.0168458370756723,-1.2800782588672717,C
-1.5601987881496708,1.9516239186567226,C
-0.017813621212787848,-1.3535271654168433,S
-0.3837994480477933,-1.2870817155351688,S
0.05768698333730154,-2.5375665293079304,C
-0.5704160245691715,2.464263575791352,C
-1.6062875872099225,-1.8523538474982895,C
2.537759422444108,-0.512348224139405,C
0.24006639120818038,2.6174363008951453,C
2.1446120056357696,1.2858650909541525,C
0.47707311400597635,-1.4081562922270603,S
1.053400260530497,0.9146999279123579,R
1.1317123916292295,-1.0226879947908325,S
1.0314489615671933,-1.2941521805518381,S
1.9326051320111595,1.1742166483519665,C
1.099930336795887,2.177361181350475,C
2.4925464088597553,0.36953954936346106,C
-0.1667835548912146,-1.398427129597732,S
0.9313033248416821,-1.381902299819199,S
0.5429568374001813,-1.6671306327029707,S
0.5798962968055451,-1.064539060254504,S
-0.8162194587799696,0.863752645715971,L
1.0658503635084675,0.9922056116196593,R
-2.543180137475401,0.23637558171815443,C
-0.6370415221930043,-1.4867390155020865,S
1.009046140221562,-2.3799899060755525,C
-2.0312849816145926,1.66419934122638,C
-0.678487543718574,-1.401598545031223,S
0.8192926283018537,-1.189592749554719,S
-2.583633509699905,0.1389852330273955,C
2.3998675292264253,-0.45284247871175265,C
-0.2549028813998957,-1.385665345553162,S
-0.023967354769231425,-2.664229307993422,C
-2.4162923130088987,-0.5957982033370184,C
-2.307939739756928,-1.1458801014209639,C
-0.5434641393991776,-1.32448827192963,S
2.166276479960938,1.32955648029224,C
-0.8396741798573376,1.037488705265865,L
1.7658956699043442,1.8591361343227513,C
0.6466102365540725,-2.449137545887646,C
-1.5700320700172705,-1.924747834901395,C
-2.3855166539339554,0.13012972944379714,C
0.6993830303597434,-1.2929617942195668,S
0.6093948467162819,-1.4251982845366158,S
-1.7499371622547695,-1.9978280443144607,C
-0.5208661752093411,-1.3975837771261745,S
0.375692514127502,-1.262537625560472,S
2.394328220870421,-0.4284303739741529,C
-0.33194435020962965,2.5254424140888356,C
2.604151215541375,0.09903317490409591,C
-0.8970645604726718,0.9821101570135619,L
0.7971825521762753,-2.462371575010926,C
-0.3679058066143627,-1.3878362432898923,S
0.6297134330490849,-1.4498095858616098,S
-0.022023090926682164,-2.4146310360241126,C
-0.07044445916650396,-1.3223095670975296,S
-0.06903502938342353,-1.543674912087027,S
1.8759402664898188,-1.6946738772601821,C
1.0727963115122887,1.1487508601278615,R
0.47079550439775647,-1.490192809705299,S
2.4011521676175835,-1.101933651202562,C
0.8420631992830806,-1.1653595705518904,S
-1.5085958843945513,-2.0382202705668346,C
-2.0203768241163433,-1.3919678677455594,C
-0.7931838629670558,-2.4170301519818356,C
-0.21656434558677778,-2.692020626346066,C
1.5098531692261001,1.9477779433309592,C
-2.3400179494493645,0.3061972709060224,C
0.017594346083790423,-1.5409121016758383,S
0.33333439022334166,2.675136974685574,C
1.063066910412978,1.205792567131002,R
1.1170348896037738,0.9530451627862857,R
1.0173903323346285,0.9628805757134576,R
-1.279370847343961,-2.330405708582756,C
1.251238250220198,1.1130263801840103,R
-2.3637624535567605,1.1946833958441878,C
0.8347732714206814,1.0021670061233838,R
1.3044198373484082,2.0274124946149703,C
2.0332243950812994,-1.5566701474768743,C
0.9012178039080262,1.155566349301212,R
-0.5324559420839005,-1.5920029415045742,S
-2.274441497977937,0.26219900677288116,C
-0.6095887210251769,-1.4849500952225474,S
0.9872296270972912,0.9591037421229816,R
2.504936002408348,0.6361488260873017,C
2.5901066396260397,-0.5521813150800007,C
1.6640286699286033,-1.8200027800333654,C
-0.17750574029095076,-1.348740016812933,S
-1.8265390320358121,1.5900740588214484,C
-1.7677298880885304,1.6475874832274753,C
-1.0311764696515655,1.0394434467954685,L
-2.443852664189759,0.165337565529403,C
-0.846884823538849,1.031286434174183,L
2.3574662447807877,-0.8301374280940008,C
-2.6815963070301527,0.34998890618436096,C
-1.8023757688735162,1.5516858048189113,C
0.960013019182053,-1.3430679022129364,S
-2.1638236951250844,1.0243429465356826,C
-1.064708020095026,1.02397021866053,L
-0.755309552226781,-2.417656018442568,C
-1.7416499518949504,1.5694518254557812,C
0.9518580591697243,-1.227573341343893,S
-0.8364596681774373,-1.3022337564265227,S
1.263298303319894,2.0006705574123558,C
0.8300274731014033,-1.300146002229365,S
0.8676335760026747,-1.1142755181784882,S
-0.22065362646096767,-1.3651825233465675,S
-1.0441034047907336,-0.9832168739973313,S
0.8980169318164961,2.4454111626331154,C
-0.024614585228268447,-1.566066286784564,S
2.447774423418098,0.629720549112598,C
-0.21952792576830135,-2.355633675964975,C
1.8470542720090035,-1.5227762496222566,C
-0.1694287567846251,-1.460390932955883,S
-0.32252306075173315,2.4496028204651314,C
-0.01111233978398941,-1.3751701971468022,S
0.6615206256011532,-1.2322970771378616,S
-2.416357632840333,0.4619233749702701,C
-0.01939981401672344,-1.5898494218397616,S
0.6303985541458974,-1.4255196590575496,S
2.426426635752362,0.9269420524150362,C
-0.7648583593937662,2.3923083911384078,C
1.5942533130695142,-1.8486113342388717,C
0.9380816584919871,1.0477959783554243,R
-1.0428757027095272,1.1519364795313511,L
-2.431463076595177,-0.6022193764253442,C
-1.8801674096551035,-1.7103510192778475,C
-1.5455388389468812,1.9622599622864836,C
2.5994974033518874,0.08616990735232664,C
-0.3698670217440792,2.269233608596432,C
0.16701962475768536,-1.4936622387589045,S
